Culture,Criticality,Criticality Modifier,Initial Known,Inter-Dependency,Dynamism,Size,Plan,Team Size,Cost-,Score-,Idle-,_source_row
0.0930635323018701,0.0637172559219471,0.0044722202312187,0.7271693908932947,0.3786383894064872,0.1741061824916202,0.1748852364606662,0.4363704152165991,0.8042182695789384,0.028939523,0.101656178,0.0,4
0.3550861926192602,0.0334373861349562,0.6432816539956949,0.8221720844445687,0.0942173864780039,0.039431429249288,0.2733497377938712,0.2739051488024656,0.4281357201573377,0.0397612,0.028070453,0.0,15
0.0754756246744132,0.0751205813584808,0.9219660735922616,0.8576537289706072,0.7632755785006167,0.7017810888998475,0.0445664856375512,0.1584494455155581,0.4944361614484905,0.045673199,0.0,0.0,24
0.0751279124554481,0.0010098692980942,0.4107240080904262,0.5296237930506493,0.8938869529127088,0.62641973964849,0.0751789182186715,0.0382359719511424,0.3981000548709398,0.00533627,0.493399963,0.0,25
0.6848914057030752,0.0922679624636766,0.7892650232257662,0.7028443417073118,0.1577422173743432,0.1345237744542646,0.1217153440954972,0.2221032890510427,0.3008675548057395,0.021242901,0.122987047,0.5,21
0.461364107108006,0.0440783103594252,0.189834236356593,0.1268613713020547,0.8096938853527509,0.3484504070702353,0.1857778430316696,0.6534850969738798,0.1265983428161012,0.023432447,0.379147643,0.0,3
0.703320126163531,0.2242035441805204,0.3672289332601218,0.433662966960217,0.1396592717104657,0.1179311199724468,0.1980655520417013,0.2786261351952185,0.3388959711149479,0.028499726,0.152048382,0.0,20
