MRE-,ACC+,PRED40+,N_estimators,criterion,Min_sample_leaves,Min_impurity_decrease,Max_depth,_source_row
0.2108966626457579,0.5505099095632096,0.6666666666666666,10,poisson,3,10.0,15,56
0.2647768395657419,0.6238214354435252,0.6666666666666666,120,squared_error,3,0.75,10,61
0.3419782870928829,1.0,1.0,30,squared_error,1,1.0,2,30
0.2798552472858868,0.961131421974216,1.0,50,squared_error,1,2.0,14,57
