MRE-,ACC+,PRED40+,N_estimators,criterion,Min_sample_leaves,Min_impurity_decrease,Max_depth,_source_row
0.0327704061117813,0.8918606888589571,0.6666666666666666,10,squared_error,3,0.25,2,29
0.0,0.5938041177602463,1.0,10,poisson,3,0.0,5,31
0.2798552472858868,0.961131421974216,1.0,50,squared_error,1,2.0,14,57
0.3419782870928829,1.0,1.0,30,squared_error,1,1.0,2,30
