No_mbtree,No_asm,No_cabac,No_scenecut,Aq_strength,Bframes,Qcomp,Qp,Ref,Rc_lookahead,B_bias,Threads,Keyint,Crf,Scenecut,Seek,Ipratio,PSNR-,Energy-,_source_row
0,1,0,1,2.0,13,0.2,40,6,85,-34,0,831,23.4,49,0,0.0,28.487,2796.066824,53404
0,0,0,0,7.0,12,7.0,14,9,2,-18,44,765,363000000000000.0,16,1196,13.0,80.373,50.78333333,47867
0,1,0,1,9.0,21,8.0,51,9,43,-67,0,1000,167.0,81,418,0.0,26.732,3965.5,47409
0,0,0,0,11.0,14,9.0,18,1,52,43,111,896,303000000000000.0,71,1126,16.0,71.935,99.13333333,47957
1,0,0,1,3.0,13,8.0,8,2,1,32,21,1000,435000000000000.0,1,1045,9.0,67.315,100.7555556,47362
