No_mbtree,No_asm,No_cabac,No_scenecut,Aq_strength,Bframes,Qcomp,Qp,Ref,Rc_lookahead,B_bias,Threads,Keyint,Crf,Scenecut,Seek,Ipratio,PSNR-,Energy-,_source_row
0,0,0,1,0.5,1,0.9,34,1,226,-61,75,648,29.1,69,1177,1.4,48.422,48.28333333,3557
0,0,0,0,1.0,19,8.0,31,4,26,90,38,700,279000000000000.0,45,1241,1.0,81.936,0.0,47728
0,0,0,0,4.0,25,1.0,49,7,173,61,100,818,390000000000000.0,33,1161,1.0,30.163,50.98333333,47848
0,0,0,0,7.0,3,4.0,15,9,183,-19,1,235,445000000000000.0,40,1193,16.0,80.143,48.11666667,48028
0,0,0,0,9.0,19,6.0,44,6,75,65,26,160,414000000000000.0,60,1076,0.0,26.059,101.4888889,47792
