MRE-,ACC+,PRED40+,N_estimators,criterion,Min_sample_leaves,Min_impurity_decrease,Max_depth,_source_row
0.2552759105830858,0.8857907651126479,0.7142857142857143,20,poisson,10,9.25,9,6458
0.2535563545411911,0.8856792326567031,0.7142857142857143,20,poisson,17,9.75,18,8416
0.2630920744098796,0.9287307606513496,0.7142857142857143,10,squared_error,12,8.0,9,3087
0.2426137251836798,0.8844523756413116,0.8571428571428571,30,squared_error,12,9.5,20,1896
0.2412068156948569,0.8821101940664734,0.8571428571428571,10,poisson,10,9.75,8,6988
