MRE-,ACC+,PRED40+,N_estimators,criterion,Min_sample_leaves,Min_impurity_decrease,Max_depth,_source_row
0.2527747381585118,0.8809948695070267,0.8571428571428571,10,poisson,18,3.75,18,8051
0.1972799749882758,0.9277269685478476,0.7142857142857143,20,poisson,8,8.25,19,2786
