MRE-,ACC+,PRED40+,N_estimators,criterion,Min_sample_leaves,Min_impurity_decrease,Max_depth,_source_row
0.1280287634828826,0.7419138969440107,0.8571428571428571,90,squared_error,2,3.5,4,7026
0.3470376739096452,0.967209457952264,0.5714285714285713,20,poisson,9,8.25,8,8231
0.2341722682507425,0.8836716484496989,0.8571428571428571,10,poisson,20,9.5,4,2003
0.1713303110833203,0.8108409547178229,0.7142857142857143,30,poisson,2,2.75,6,2561
0.1972799749882758,0.9277269685478476,0.7142857142857143,20,poisson,8,8.25,19,2786
