MRE-,ACC+,PRED40+,N_estimators,criterion,Min_sample_leaves,Min_impurity_decrease,Max_depth,_source_row
0.4456776614037829,0.9058666071826902,0.7142857142857143,70,squared_error,8,9.5,3,2851
0.2341722682507425,0.8836716484496989,0.8571428571428571,10,poisson,20,9.5,4,2003
0.3370329842113491,0.9238233325897836,0.5714285714285713,20,poisson,9,9.75,17,4387
0.3764264498983898,0.9475797457060006,0.5714285714285713,70,poisson,10,1.25,3,4284
0.305455682351102,0.9161275931296008,0.5714285714285713,40,squared_error,11,9.5,16,3187
0.2666875097702048,0.8870176221280393,0.7142857142857143,10,poisson,19,2.0,18,4656
0.3076442082226043,0.8913673879098818,0.7142857142857143,60,squared_error,20,8.75,4,2010
