MRE-,ACC+,PRED40+,N_estimators,criterion,Min_sample_leaves,Min_impurity_decrease,Max_depth,_source_row
0.1589807722369861,0.7958956056212358,0.8571428571428571,40,squared_error,3,5.0,15,4449
0.2426137251836798,0.8844523756413116,0.8571428571428571,30,squared_error,12,9.5,20,1896
0.138815069563858,0.8720722730314522,0.7142857142857143,10,squared_error,5,4.0,15,8166
