MRE-,ACC+,PRED40+,N_estimators,criterion,Min_sample_leaves,Min_impurity_decrease,Max_depth,_source_row
0.3470376739096452,0.967209457952264,0.5714285714285713,20,poisson,9,8.25,8,8231
0.1972799749882758,0.9277269685478476,0.7142857142857143,20,poisson,8,8.25,19,2786
0.1192746599968735,0.7560785188489851,0.8571428571428571,20,squared_error,2,4.75,19,4017
0.2426137251836798,0.8844523756413116,0.8571428571428571,30,squared_error,12,9.5,20,1896
