algorithm,hv_better_pct,spread_better_pct,igd_better_pct,mdh_better_pct,comparisons
AGEMOEA,44.58955223880597,40.165631469979296,51.30597014925373,42.53731343283582,483
AGEMOEA2,48.345588235294116,41.717791411042946,53.30882352941177,43.75,489
CTAEA,63.22463768115942,51.926977687626774,63.405797101449274,50.905797101449274,493
MOEAD,12.962962962962964,20.698254364089774,10.87962962962963,38.425925925925924,401
NSGA2,54.03846153846154,49.2600422832981,54.03846153846154,45.19230769230769,473
NSGA3,57.99180327868852,60.04415011037528,56.76229508196721,53.68852459016394,453
RNSGA3,21.09375,84.78260869565217,23.958333333333332,35.9375,368
RVEA,79.85074626865672,32.708333333333336,70.14925373134328,64.73880597014926,480
UNSGA3,61.507936507936506,63.793103448275865,60.714285714285715,61.904761904761905,464
