No_mbtree,No_asm,No_cabac,No_scenecut,Aq_strength,Bframes,Qcomp,Qp,Ref,Rc_lookahead,B_bias,Threads,Keyint,Crf,Scenecut,Seek,Ipratio,PSNR-,Energy-,_source_row
0,0,0,0,12.0,2,6.0,37,5,194,15,52,277,267000000000000.0,76,1179,14.0,61.471,51.08333333,47828
0,0,0,0,9.0,19,6.0,44,6,75,65,26,160,414000000000000.0,60,1076,0.0,26.059,101.4888889,47792
0,0,0,0,14.0,5,9.0,48,4,154,26,123,880,471000000000000.0,10,1114,5.0,42.845,100.7333333,48111
0,0,0,0,12.0,3,6.0,43,4,195,83,62,13,337000000000000.0,78,1085,9.0,49.789,99.22222222,48079
0,0,0,0,5.0,16,6.0,11,2,241,1,74,368,482000000000000.0,84,1190,11.0,79.928,49.66666667,47870
0,0,0,0,15.0,1,1.0,9,9,140,-12,76,421,449000000000000.0,75,1216,8.0,86.371,0.0,47984
0,0,0,0,14.0,16,3.0,30,9,19,-1,78,603,358000000000000.0,50,1198,12.0,67.694,50.36666667,48081
0,0,0,0,18.0,15,1.0,44,0,85,16,109,448,382000000000000.0,42,1192,15.0,53.842,51.7,48121
