MRE-,ACC+,PRED40+,N_estimators,criterion,Min_sample_leaves,Min_impurity_decrease,Max_depth,_source_row
0.0981591413323739,0.9337162000478584,0.6666666666666666,80,squared_error,1,0.75,16,3962
0.0835881753312945,0.8597750658052166,0.6666666666666666,30,squared_error,1,1.5,13,4945
0.162259399172513,0.734146925101699,1.0,10,squared_error,2,1.25,13,728
0.1217245307909096,0.973917205072984,0.3333333333333333,30,squared_error,1,1.0,2,7287
0.0791509264256161,0.9133764058387176,0.3333333333333333,90,squared_error,1,0.75,19,493
