MRE-,ACC+,PRED40+,N_estimators,criterion,Min_sample_leaves,Min_impurity_decrease,Max_depth,_source_row
0.0600227858727588,0.8092845178272314,0.6666666666666666,30,squared_error,2,0.75,10,8200
0.0981591413323739,0.9337162000478584,0.6666666666666666,80,squared_error,1,0.75,16,3962
0.162259399172513,0.734146925101699,1.0,10,squared_error,2,1.25,13,728
0.3190022186244528,0.9473558267528118,0.0,10,squared_error,5,2.0,15,2779
0.1599208490735743,0.9394592007657334,0.3333333333333333,70,squared_error,1,1.25,13,2628
0.0823889188703004,0.8688681502751855,0.6666666666666666,30,squared_error,2,0.5,7,2295
0.1590214067278287,0.9346733668341708,0.3333333333333333,80,squared_error,2,0.75,14,7620
0.0791509264256161,0.9133764058387176,0.3333333333333333,90,squared_error,1,0.75,19,493
