MRE-,ACC+,PRED40+,N_estimators,criterion,Min_sample_leaves,Min_impurity_decrease,Max_depth,_source_row
0.3949151526053846,0.7602297200287151,0.3333333333333333,170,squared_error,2,3.5,11,5063
0.3750074953528811,0.7441971763579804,0.3333333333333333,150,squared_error,1,3.75,8,5270
0.5686874138034419,0.2979181622397702,0.6666666666666666,80,absolute_error,3,4.5,8,6403
0.5989686394435448,0.4111031347212251,1.0,120,squared_error,4,5.5,8,300
0.5935719853690712,0.4381430964345538,0.6666666666666666,180,squared_error,3,5.5,9,707
