MRE-,ACC+,PRED40+,N_estimators,criterion,Min_sample_leaves,Min_impurity_decrease,Max_depth,_source_row
0.1596809977813755,1.0,0.3333333333333333,30,squared_error,2,1.75,6,9375
0.0600227858727588,0.8092845178272314,0.6666666666666666,30,squared_error,2,0.75,10,8200
0.3351322180248245,0.6984924623115578,1.0,30,absolute_error,2,0.0,8,5263
0.0981591413323739,0.9337162000478584,0.6666666666666666,80,squared_error,1,0.75,16,3962
0.0823889188703004,0.8688681502751855,0.6666666666666666,30,squared_error,2,0.5,7,2295
0.1217245307909096,0.973917205072984,0.3333333333333333,30,squared_error,1,1.0,2,7287
