MRE-,ACC+,PRED40+,N_estimators,criterion,Min_sample_leaves,Min_impurity_decrease,Max_depth,_source_row
0.1063740480901841,0.7473079684134961,0.6666666666666666,150,squared_error,1,0.0,5,8751
0.1599208490735743,0.9394592007657334,0.3333333333333333,70,squared_error,1,1.25,13,2628
0.6073634346705042,0.4106245513280689,1.0,140,squared_error,2,6.5,13,8493
0.2511842657552317,0.8035415171093563,0.6666666666666666,40,squared_error,2,1.5,4,5566
0.128020627211129,0.8504426896386695,0.3333333333333333,130,squared_error,1,0.75,15,2
