MRE-,ACC+,PRED40+,N_estimators,criterion,Min_sample_leaves,Min_impurity_decrease,Max_depth,_source_row
0.162259399172513,0.734146925101699,1.0,10,squared_error,2,1.25,13,728
0.0600227858727588,0.8092845178272314,0.6666666666666666,30,squared_error,2,0.75,10,8200
0.0981591413323739,0.9337162000478584,0.6666666666666666,80,squared_error,1,0.75,16,3962
