MRE-,ACC+,PRED40+,N_estimators,criterion,Min_sample_leaves,Min_impurity_decrease,Max_depth,_source_row
0.1943279607289782,0.8673106253177428,0.0,90,absolute_error,6,1.75,10,7773
0.2668879305205001,0.8709964412811387,0.0,140,absolute_error,6,1.5,4,141
0.4943657213267882,0.9501779359430604,0.0,160,absolute_error,6,0.5,10,9881
0.5567502037084882,0.9597102186070158,0.0,180,absolute_error,5,0.25,18,6895
0.3542937774509609,0.9425521098118962,0.0,130,absolute_error,6,0.75,9,205
0.269531172367192,0.8713777325876969,0.0,80,absolute_error,7,1.0,9,5472
0.638213724983604,0.9680986273512964,0.0,200,absolute_error,5,0.0,9,1209
0.2583619850150049,0.8699796644636502,0.0,100,absolute_error,5,1.75,13,5668
0.2888884472444701,0.9131926792069142,0.0,140,absolute_error,5,1.25,13,6594
