MRE-,ACC+,PRED40+,N_estimators,criterion,Min_sample_leaves,Min_impurity_decrease,Max_depth,_source_row
0.3378579804042371,0.983985765124555,0.0,10,absolute_error,5,0.75,6,9554
0.0894329948128863,0.8271479410269444,1.0,20,absolute_error,8,8.5,17,1540
0.1291809925075024,0.8384595831215047,1.0,40,absolute_error,4,7.0,17,7316
0.1838344893375996,0.8485002541942044,0.0,40,absolute_error,5,9.5,16,20
0.1540234910666375,0.8435434672089476,0.0,40,absolute_error,18,3.0,16,7803
0.2384879861676968,0.8701067615658363,0.0,30,absolute_error,7,1.0,16,9636
0.0695589959655782,0.8192679206914083,1.0,20,absolute_error,6,8.25,12,6973
0.3235685752330227,0.8994661921708186,0.0,160,absolute_error,5,1.25,8,4627
