MRE-,ACC+,PRED40+,N_estimators,criterion,Min_sample_leaves,Min_impurity_decrease,Max_depth,_source_row
0.1391179919311564,0.8406202338586679,1.0,20,absolute_error,14,6.5,19,2925
0.3403422302601506,0.9994916115912555,0.0,40,absolute_error,6,0.25,16,8046
0.0794959953892322,0.8234621250635485,1.0,10,absolute_error,12,6.0,19,7598
0.1854840312419261,0.8622267412303,0.0,60,absolute_error,7,1.0,1,9950
0.2856887334300534,0.8903152008134215,0.0,40,absolute_error,7,0.0,14,905
