Culture,Criticality,Criticality Modifier,Initial Known,Inter-Dependency,Dynamism,Size,Plan,Team Size,Cost-,Score-,Idle-,_source_row
0.0904205601570656,0.5934186528315399,0.7691659539684822,0.7660802423457,0.9054645772394831,0.0651349740041251,0.2508156431514661,0.9721392186143996,0.8215249802841921,0.246757341,0.0,0.0,16564
0.1542526396744538,0.0295919193790682,0.43446082871975,0.3340056030983249,0.9629931904594348,0.11055202805556,0.4706737711519575,0.461546413458618,0.0424612613913677,0.054977288,0.000424119,0.545454545,12652
0.1552873711815149,0.1862997407926281,0.6517320976642155,0.3692581835825909,0.5391348534962206,0.0513338497083639,0.1846541544895713,0.0284583025660882,0.4972087936772442,0.072900613,0.020057661,0.0,14024
0.3550861926192602,0.0334373861349562,0.6432816539956949,0.8221720844445687,0.0942173864780039,0.039431429249288,0.2733497377938712,0.2739051488024656,0.4281357201573377,0.0397612,0.028070453,0.0,10141
0.0065945594199817,0.1667393056504257,0.9207537100200532,0.7133007525083066,0.4092331290712934,0.0091844576277225,0.4479049904750389,0.7888250249885699,0.3235138996799511,0.058550576,0.021629069,0.1,1222
0.0060392504101542,0.1114581270280623,0.8224545620724861,0.684949501481945,0.3219726963181012,0.0890509385027596,0.1028311039409686,0.8929697467042752,0.3634561295167862,0.071787415,0.026973103,0.0,14309
0.1398260831836173,0.1767603813616987,0.2808148204819761,0.9574383195565556,0.1491822003997021,0.0248328767196007,0.3677689534671342,0.75816912957613,0.3600546049511239,0.080362934,0.004607009,0.0,16151
