country,Year,status,Life expectancy ,Adult Mortality,infant deaths,Alcohol,percentage expenditure,Hepatitis B,Measles , BMI ,under-five deaths ,Polio,Total expenditure,Diphtheria , HIV/AIDS,GDP,Population, thinness  1-19 years, thinness 5-9 years,Income composition of resources+,Schooling+,_source_row
Norway,2005,Developed,81.0,73.0,0,6.37,11792.53465,80.94046122,0,56.5,0,91.0,8.89,91.0,0.1,66775.3944,4623291.0,0.8,0.7,0.929,17.6,1920
New Zealand,2013,Developed,81.3,69.0,0,9.18,10019.0763,93.0,8,66.4,0,92.0,11.17,92.0,0.1,42889.88141,12753375.12,0.3,0.3,0.908,19.3,1847
Iceland,2014,Developed,82.5,49.0,0,7.45,8254.020763,80.94046122,0,6.6,0,9.0,8.86,9.0,0.1,52473.11356,327386.0,1.0,0.9,0.915,19.0,1171
New Zealand,2010,Developed,89.0,71.0,0,9.62,6664.148708,9.0,43,64.8,0,93.0,11.2,93.0,0.1,33691.34837,12753375.12,0.3,0.3,0.899,20.3,1850
Norway,2010,Developed,81.0,66.0,0,6.59,15268.06445,80.94046122,3,58.9,0,93.0,9.26,93.0,0.1,87646.75346,4889252.0,0.7,0.7,0.936,17.4,1915
Netherlands,2012,Developed,81.1,62.0,1,9.05,1162.656768,2.0,10,6.5,1,97.0,11.1,97.0,0.1,49474.7561,16754962.0,1.0,0.9,0.921,18.1,1832
