country,Year,status,Life expectancy ,Adult Mortality,infant deaths,Alcohol,percentage expenditure,Hepatitis B,Measles , BMI ,under-five deaths ,Polio,Total expenditure,Diphtheria , HIV/AIDS,GDP,Population, thinness  1-19 years, thinness 5-9 years,Income composition of resources+,Schooling+,_source_row
Norway,2015,Developed,81.8,59.0,0,5.97,0.0,80.94046122,14,61.2,0,95.0,5.938189528,95.0,0.1,7455.24654,518867.0,0.8,0.7,0.948,17.7,1910
Australia,2010,Developed,81.9,64.0,1,10.52,8875.786493,92.0,70,63.9,1,92.0,9.2,92.0,0.1,51874.848,223175.0,0.7,0.6,0.927,19.5,117
Australia,2015,Developed,82.8,59.0,1,4.602860787,0.0,93.0,74,66.6,1,93.0,5.938189528,93.0,0.1,56554.3876,23789338.0,0.6,0.6,0.937,20.4,112
Australia,2005,Developed,81.0,67.0,1,10.3,579.1331637,95.0,10,61.5,2,92.0,8.45,92.0,0.1,3416.71483,23948.0,0.7,0.6,0.91,20.3,122
Lebanon,2005,Developing,73.9,11.0,1,1.94,630.0540723,77.0,618,6.8,1,74.0,8.42,77.0,0.1,5339.441291,3986852.0,4.7,4.6,0.0,13.7,1468
Australia,2001,Developed,79.9,75.0,1,9.53,3064.301144,94.0,141,59.0,2,91.0,8.18,92.0,0.1,19517.84168,19413.0,0.7,0.7,0.899,20.5,126
Australia,2003,Developed,83.0,71.0,1,9.97,3829.550928,95.0,91,6.3,1,92.0,8.32,93.0,0.1,23465.38559,198954.0,0.7,0.7,0.905,20.6,124
Australia,2004,Developed,86.0,69.0,1,9.84,588.568371,95.0,70,6.9,1,92.0,8.57,92.0,0.1,3472.37977,21274.0,0.7,0.6,0.908,20.7,123
