Fixedacidity,Volatileacidity,Citricacid,Residualsugar,CL,FreeSO2,TotalS02,Density,PH,Sulphates,Alcohol-,Quality+,_source_row
8.2,0.42,0.49,2.6,0.084,32.0,55.0,0.9988,3.34,0.75,8.7,6,5
12.5,0.28,0.54,2.3,0.082,12.0,29.0,0.9997,3.11,1.36,9.8,7,1
10.0,0.26,0.54,1.9,0.083,42.0,74.0,0.99451,2.98,0.63,11.8,8,13
10.0,0.38,0.38,1.6,0.169,27.0,90.0,0.99914,3.15,0.65,8.5,5,4
