MRE-,ACC+,PRED40+,N_estimators,criterion,Min_sample_leaves,Min_impurity_decrease,Max_depth,_source_row
0.0376775787523162,0.9276377217553688,0.8333333333333334,70,squared_error,2,8.75,16,5
0.0,0.8751167133520075,0.8333333333333334,60,squared_error,2,6.25,19,6
0.1261581222977146,0.8417366946778712,1.0,120,squared_error,2,1.25,4,24
0.102378011117974,0.9463118580765638,0.8333333333333334,140,squared_error,2,6.5,13,1
0.1655342804200123,0.8522408963585435,1.0,60,squared_error,2,7.75,5,8
0.1903953057442866,0.9570494864612512,1.0,60,squared_error,2,2.25,17,3
