MRE-,ACC+,PRED40+,N_estimators,criterion,Min_sample_leaves,Min_impurity_decrease,Max_depth,_source_row
0.0,0.9821931935372982,0.8333333333333335,100,absolute_error,4,0.25,19,3379
0.0,0.9166723960123754,0.9166666666666664,100,absolute_error,1,0.25,19,6123
0.0,0.6875214850464078,1.0,90,absolute_error,16,3.5,11,1867
0.8703973220783002,0.6250257820556893,0.0,90,poisson,15,3.75,19,8841
0.7482899141318586,0.8697146785837058,0.0,150,absolute_error,3,0.0,18,2562
0.7904962887498181,0.8034376074252321,0.0,90,poisson,2,0.0,19,6137
0.7398486392082667,0.9400481265039532,0.1666666666666666,150,absolute_error,1,0.0,20,2675
0.7562945713869889,0.9289790305947062,0.3333333333333332,70,absolute_error,3,0.0,11,668
