twoPass,quality,bestQuality,goodQuality,rtQuality,constantBitrate,autoAltRef,noAltRef,allowResize,columnTiling,rowTiling,Threads,ArnrMaxFrames,ArnrStrength,Performance-,Cpu-,_source_row
0,1,0,1,0,0,0,0,1,1,0,8,5,0,28512.8,7.415148,799
0,1,0,1,0,0,0,0,0,1,1,1,0,0,45909.6,4.53087,684
1,1,0,1,0,1,0,1,1,0,1,8,0,0,66176.2,4.116863,2071
1,1,1,0,0,1,0,1,1,0,1,8,0,0,139417.8,3.578591,2711
1,1,0,1,0,0,1,0,0,0,0,8,15,0,84671.0,3.852576,1771
0,1,1,0,0,1,0,0,1,0,1,8,15,0,122755.0,3.706558,1631
1,1,1,0,0,0,1,0,1,0,1,8,15,0,175434.4,3.481861,2591
0,1,0,1,0,0,0,0,0,1,0,8,15,6,28828.4,6.90138,683
