twoPass,quality,bestQuality,goodQuality,rtQuality,constantBitrate,autoAltRef,noAltRef,allowResize,columnTiling,rowTiling,Threads,ArnrMaxFrames,ArnrStrength,Performance-,Cpu-,_source_row
0,1,0,0,1,1,0,0,1,0,1,4,0,6,95669.2,3.714713,494
0,1,0,1,0,1,0,0,1,0,0,4,15,3,50877.8,3.984227,1030
0,1,0,1,0,0,0,0,0,0,1,4,0,3,45990.2,4.263546,626
0,1,0,1,0,0,0,0,0,0,1,8,0,3,45917.6,4.564348,627
1,1,0,1,0,1,0,1,1,1,1,2,0,0,40564.2,6.798671,2077
1,1,0,1,0,1,0,1,1,0,1,4,0,0,66458.0,3.968182,2070
0,1,0,1,0,0,0,0,0,1,1,8,15,3,28614.8,7.259483,707
1,1,0,1,0,1,1,0,1,0,1,4,0,3,79617.2,3.892177,2274
1,1,1,0,0,0,1,0,0,0,1,4,15,0,175946.4,3.440259,2446
