twoPass,quality,bestQuality,goodQuality,rtQuality,constantBitrate,autoAltRef,noAltRef,allowResize,columnTiling,rowTiling,Threads,ArnrMaxFrames,ArnrStrength,Performance-,Cpu-,_source_row
1,1,0,1,0,1,0,1,1,1,0,8,0,0,40559.2,6.727622,2075
0,1,0,1,0,0,0,0,1,1,0,8,0,3,28470.8,7.510961,807
1,1,1,0,0,1,1,0,1,0,1,8,15,3,183916.0,3.448198,2923
0,1,0,1,0,0,0,0,0,0,0,8,0,6,46168.2,4.416522,603
1,1,0,1,0,1,0,1,0,1,0,1,0,0,65902.6,3.995669,2056
0,1,0,1,0,1,0,0,0,1,1,1,0,3,50370.4,4.2884,984
1,1,0,1,0,1,1,0,1,0,1,4,0,3,79617.2,3.892177,2274
0,1,0,0,1,1,0,0,0,0,1,2,5,6,95384.4,3.706526,353
