MRE-,ACC+,PRED40+,N_estimators,criterion,Min_sample_leaves,Min_impurity_decrease,Max_depth,_source_row
0.080265096,0.793335469,0.8571428571428571,60,poisson,1,1.5,20,4339
0.2455081001472754,0.8596603652675424,1.0,100,poisson,1,4.0,18,7410
0.183799705,0.8535725728933035,1.0,140,poisson,1,1.75,18,5283
0.1789396170839469,0.8513297020185838,1.0,80,poisson,1,2.75,17,5760
0.1584683357879234,0.8128804870233899,1.0,130,squared_error,1,0.75,16,1917
0.1139911634756995,0.8071131047741108,1.0,110,poisson,1,2.75,18,600
