MRE-,ACC+,PRED40+,N_estimators,criterion,Min_sample_leaves,Min_impurity_decrease,Max_depth,_source_row
0.1440353460972017,0.7946171099006728,1.0,150,poisson,1,2.0,6,2910
0.068335788,0.7292534444088432,0.8571428571428571,110,poisson,1,0.0,6,4286
0.1225331369661266,0.7654597885293175,1.0,120,poisson,1,1.0,3,8628
0.2119293078055965,0.7958987504005126,1.0,80,poisson,2,1.75,6,8783
