MRE-,ACC+,PRED40+,N_estimators,criterion,Min_sample_leaves,Min_impurity_decrease,Max_depth,_source_row
0.1197349042709867,0.7161166292854855,1.0,50,squared_error,1,2.0,14,107
0.1379970544918998,0.8926626081384171,1.0,80,poisson,1,1.75,3,3697
0.085861561,0.7705863505286766,0.8571428571428571,50,poisson,1,1.0,17,3888
0.1237113402061855,0.7773149631528355,1.0,70,poisson,1,2.0,14,1058
