MRE-,ACC+,PRED40+,N_estimators,criterion,Min_sample_leaves,Min_impurity_decrease,Max_depth,_source_row
0.1237113402061855,0.7773149631528355,1.0,70,poisson,1,2.0,14,1058
0.1671575846833578,0.9311118231336112,1.0,140,poisson,1,3.5,13,2706
