MRE-,ACC+,PRED40+,N_estimators,criterion,Min_sample_leaves,Min_impurity_decrease,Max_depth,_source_row
0.1139911634756995,0.8071131047741108,1.0,110,poisson,1,2.75,18,600
0.1432989690721649,0.8260173021467478,1.0,170,poisson,1,3.0,16,293
0.1589101620029455,0.8949054790131368,1.0,120,poisson,1,3.25,14,8445
0.1671575846833578,0.9311118231336112,1.0,140,poisson,1,3.5,13,2706
0.057437408,0.7026594040371675,0.8571428571428571,20,poisson,1,0.75,15,963
0.085861561,0.7705863505286766,0.8571428571428571,50,poisson,1,1.0,17,3888
