No_mbtree,No_asm,No_cabac,No_scenecut,Aq_strength,Bframes,Qcomp,Qp,Ref,Rc_lookahead,B_bias,Threads,Keyint,Crf,Scenecut,Seek,Ipratio,PSNR-,Energy-,_source_row
0,0,0,0,9.0,19,6.0,44,6,75,65,26,160,414000000000000.0,60,1076,0.0,26.059,101.4888889,47792
0,0,0,0,14.0,22,9.0,47,7,104,2,24,109,281000000000000.0,100,1247,2.0,100.0,46.71666667,47963
0,0,0,0,4.0,25,1.0,49,7,173,61,100,818,390000000000000.0,33,1161,1.0,30.163,50.98333333,47848
0,0,0,0,3.0,24,1.0,9,3,232,18,10,504,322000000000000.0,63,1173,2.0,71.002,49.5,47850
0,0,0,0,7.0,3,4.0,15,9,183,-19,1,235,445000000000000.0,40,1193,16.0,80.143,48.11666667,48028
