MRE-,ACC+,PRED40+,N_estimators,criterion,Min_sample_leaves,Min_impurity_decrease,Max_depth,_source_row
0.0,0.9689339538324035,1.0,30,absolute_error,18,2.0,17,44
0.2774151436031332,0.9136129688414956,0.3636363636363636,80,absolute_error,7,0.25,11,55
0.2676240208877284,0.9623694024100842,0.1818181818181818,40,absolute_error,6,0.25,9,54
0.6208093994778068,0.8542546306284095,0.0909090909090909,90,poisson,6,0.5,18,58
0.5306266318537859,0.9382069220575092,0.0909090909090909,40,poisson,18,1.5,11,57
0.6735509138381202,0.8717909205781738,0.0909090909090909,40,poisson,6,0.75,18,60
