encryption,compression,compressionBzip2,compressionGzip,compressionLzo,compressionZpaq,compressionLzma,unlimitedWindowSize,disableCompressibilityTesting,Level,ProcessorCount,MaxRam,Performance-,Benchmark-cpu-,_source_row
0,1,1,0,0,0,0,0,1,2,1,6,66551.8,28.013492,70
1,1,1,0,0,0,0,0,0,2,1,6,72690.2,26.934749,73
0,1,0,0,0,1,0,1,0,1,1,6,218113.8,26.649652,19
0,1,0,0,0,0,1,1,0,1,1,18,67616.4,27.131773,4
0,1,0,1,0,0,0,1,0,2,1,18,27071.8,30.214762,15
0,1,0,0,0,0,1,0,0,2,1,2,63967.2,29.045625,74
1,1,0,0,0,1,0,0,1,1,3,6,223406.6,26.311659,16
1,1,0,0,0,1,0,1,0,8,1,18,1651986.2,25.327496,75
0,1,0,0,1,0,0,1,0,2,2,18,9645.6,46.944,26
