MRE-,ACC+,PRED40+,N_estimators,criterion,Min_sample_leaves,Min_impurity_decrease,Max_depth,_source_row
0.0810685608400247,0.8788515406162464,0.8333333333333334,60,squared_error,4,2.5,6,5114
0.102378011117974,0.9463118580765638,0.8333333333333334,140,squared_error,2,6.5,13,8493
