MRE-,ACC+,PRED40+,N_estimators,criterion,Min_sample_leaves,Min_impurity_decrease,Max_depth,_source_row
0.1903953057442866,0.9570494864612512,1.0,60,squared_error,2,2.25,17,4686
0.0778258184064237,0.9197012138188608,1.0,20,squared_error,3,9.0,6,2304
0.0376775787523162,0.9276377217553688,0.8333333333333334,70,squared_error,2,8.75,16,5783
0.0,0.8751167133520075,0.8333333333333334,60,squared_error,2,6.25,19,9635
0.510037059913527,0.9579831932773109,0.5,10,squared_error,2,1.25,13,728
0.102378011117974,0.9463118580765638,0.8333333333333334,140,squared_error,2,6.5,13,8493
