MRE-,ACC+,PRED40+,N_estimators,criterion,Min_sample_leaves,Min_impurity_decrease,Max_depth,_source_row
0.0534280420012353,0.8216619981325863,0.8333333333333334,90,squared_error,2,1.25,11,6218
0.2098517603458926,0.9061624649859944,1.0,30,squared_error,4,6.75,7,68
