MRE-,ACC+,PRED40+,N_estimators,criterion,Min_sample_leaves,Min_impurity_decrease,Max_depth,_source_row
0.0747374922791846,0.9281045751633988,0.8333333333333334,120,squared_error,2,1.0,4,8835
0.1655342804200123,0.8522408963585435,1.0,60,squared_error,2,7.75,5,5535
0.1261581222977146,0.8417366946778712,1.0,120,squared_error,2,1.25,4,2696
0.1239962940086473,0.8333333333333334,1.0,40,squared_error,2,9.5,7,3190
0.1406732550957381,0.972455648926237,0.8333333333333334,120,squared_error,2,9.75,13,5698
0.1903953057442866,0.9570494864612512,1.0,60,squared_error,2,2.25,17,4686
0.0376775787523162,0.9276377217553688,0.8333333333333334,70,squared_error,2,8.75,16,5783
