MRE-,ACC+,PRED40+,N_estimators,criterion,Min_sample_leaves,Min_impurity_decrease,Max_depth,_source_row
0.0036623844940275,0.6611487834064619,1.0,10,poisson,2,10.0,4,14
0.0153820148749155,0.6717191862784204,0.75,10,absolute_error,5,9.5,6,29
0.0008451656524679,0.6587554846429995,1.0,10,poisson,3,10.0,15,19
0.0880099166103223,0.744116473873155,0.2499999999999999,50,absolute_error,5,1.25,6,8
0.2155172413793103,0.7828081372157958,0.2499999999999999,30,absolute_error,2,2.5,3,1
0.3356434527834122,0.7670522536896688,0.5000000000000001,80,poisson,1,2.75,17,4
0.376042370971377,0.7846031112883924,0.5000000000000001,10,poisson,2,2.25,18,3
