MRE-,ACC+,PRED40+,N_estimators,criterion,Min_sample_leaves,Min_impurity_decrease,Max_depth,_source_row
0.8935091277890465,0.8871160749900279,0.2499999999999999,30,squared_error,1,2.25,6,47
0.0118886635113815,0.6685281212604706,0.75,10,poisson,9,6.0,1,21
0.0002253775073248,0.658157159952134,1.0,10,squared_error,18,10.0,9,49
0.0153820148749155,0.6717191862784204,0.75,10,absolute_error,5,9.5,6,29
