Culture,Criticality,Criticality Modifier,Initial Known,Inter-Dependency,Dynamism,Size,Plan,Team Size,Cost-,Score-,Idle-,_source_row
0.3832343265199001,0.3857484076493787,0.0347104505017694,0.5006788245643644,0.8203716014042687,0.0400546245346201,0.6201454891213314,0.7316959051813614,0.3378309950153362,0.092756657,0.062079538,0.0,9003
0.3085234232224242,0.5529995303594584,0.1160353452105306,0.2410725429468564,0.6032198968315512,0.0170962605749238,0.5522396318390982,0.8517632181435114,0.2385995642534447,0.122528199,0.049713887,0.202922078,11623
