Culture,Criticality,Criticality Modifier,Initial Known,Inter-Dependency,Dynamism,Size,Plan,Team Size,Cost-,Score-,Idle-,_source_row
0.2065424214400727,0.1590079419224197,0.045708919991196,0.3640669581306021,0.088623430155218,0.2258629748309251,0.2219112356613756,0.2960214115250135,0.1336748992522921,0.017653818,0.251775814,0.357142857,4141
0.0331803637091713,0.5201697232908926,0.2210379279080162,0.7554112328191964,0.1686276406875249,0.000860117933402,0.0421670611187662,0.4637590398926133,0.1268428869022041,0.07421745,0.002511216,0.0,11149
0.1616906840350594,0.2058286686514222,0.095479053199646,0.2279221584397652,0.426802310021138,0.0038013851807889,0.1481996278668557,0.447286419887776,0.0919040608410161,0.034451816,0.032906096,0.588235294,15487
