MRE-,ACC+,PRED40+,N_estimators,criterion,Min_sample_leaves,Min_impurity_decrease,Max_depth,_source_row
0.0,0.5231591448931117,1.0,90,absolute_error,7,4.75,3,7810
0.5966063615939459,0.515439429928741,0.0,110,absolute_error,2,4.75,2,5479
0.8614757006030509,0.2309976247030879,0.0,20,poisson,3,1.0,17,154
0.9425919356745892,0.1692399049881235,0.0,30,poisson,9,0.5,18,4632
0.6938630720113516,0.7363420427553444,0.0999999999999999,90,poisson,2,0.0,19,6137
0.59418233416105,0.5273159144893113,0.3,100,absolute_error,1,0.25,19,6123
0.8958259430057941,0.2672209026128266,0.0999999999999999,20,poisson,3,0.25,17,9976
