Culture,Criticality,Criticality Modifier,Initial Known,Inter-Dependency,Dynamism,Size,Plan,Team Size,Cost-,Score-,Idle-,_source_row,_source_algorithm,_source_file,_runtime_sec
0.2061456528031269,0.2091319102106205,0.0693637395642901,0.9556025301457494,0.4622471066199132,0.8075165464324675,0.2012389725856189,0.6707008703557008,0.2993222800436292,0.025391793,0.195107183,0.0,10,AGEMOEA,outputs\AGEMOEA\pom3a.csv,0.1536116600036621
0.2065424214400727,0.1590079419224197,0.045708919991196,0.3640669581306021,0.088623430155218,0.2258629748309251,0.2219112356613756,0.2960214115250135,0.1336748992522921,0.017653818,0.251775814,0.357142857,2,AGEMOEA,outputs\AGEMOEA\pom3a.csv,0.1536116600036621
0.290737966260122,0.5781018789422292,0.0065456093768243,0.8087969852315466,0.2950297697637216,0.193220429155678,0.2495188955092137,0.9047988823958614,0.1212545878360236,0.026505293,0.162157622,0.454545455,3,AGEMOEA,outputs\AGEMOEA\pom3a.csv,0.1536116600036621
0.3145733362265088,0.6609603178490425,0.0112237424770936,0.8267429681375555,0.2933612422574725,0.1360621474916185,0.0091516327781472,0.6778991218452356,0.0900372562027279,0.032504739,0.11455266,0.0,7,AGEMOEA,outputs\AGEMOEA\pom3a.csv,0.1536116600036621
0.2546465370237655,0.24343336002527,0.0429663631253517,0.8141661150904352,0.5390624069758619,0.1590812732345986,0.1384009065017789,0.1990240341297571,0.0282053651605077,0.033460964,0.109272846,0.0,5,AGEMOEA,outputs\AGEMOEA\pom3a.csv,0.1536116600036621
0.1671927537419185,0.0298100019321261,0.0265809021832776,0.3478971740731299,0.5126543675551949,0.7852683026749623,0.1631935276956656,0.2219843297644933,0.0506644718269464,0.034187577,0.0,0.0,108,RVEA,outputs\RVEA\pom3a.csv,0.1536116600036621
