Culture,Criticality,Criticality Modifier,Initial Known,Inter-Dependency,Dynamism,Size,Plan,Team Size,Cost-,Score-,Idle-,_source_row
0.1877854101038861,0.218316721291599,0.9140023715557364,0.7593194776302272,0.0695937837906832,0.3479355825519592,0.2327058801995274,0.1214942076018433,0.337648429102018,0.084982726,0.0,0.0,8840
0.0751279124554481,0.0010098692980942,0.4107240080904262,0.5296237930506493,0.8938869529127088,0.62641973964849,0.0751789182186715,0.0382359719511424,0.3981000548709398,0.00533627,0.493399963,0.0,18350
