Culture,Criticality,Criticality Modifier,Initial Known,Inter-Dependency,Dynamism,Size,Plan,Team Size,Cost-,Score-,Idle-,_source_row
0.811371141392997,0.2186795273274949,0.066735817158764,0.4775323442376927,0.1166036008430827,0.4108892498829157,0.0860331463505976,0.4596470141810291,0.3949521236239938,0.088936214,0.876094823,0.0,15767
0.5217834158450027,0.498924655952555,0.0701837749597592,0.5225494259146345,0.6893417599200615,0.2925507574332587,0.3750414044536737,0.3947080271206585,0.8788182037072727,0.146796598,0.541619114,0.855495081,261
