No_mbtree,No_asm,No_cabac,No_scenecut,Aq_strength,Bframes,Qcomp,Qp,Ref,Rc_lookahead,B_bias,Threads,Keyint,Crf,Scenecut,Seek,Ipratio,PSNR-,Energy-,_source_row
0,0,0,0,1.0,19,8.0,31,4,26,90,38,700,279000000000000.0,45,1241,1.0,81.936,0.0,47728
0,0,0,0,16.0,8,6.0,35,5,96,-66,126,467,265000000000000.0,12,1102,0.0,27.671,152.825,47816
0,0,0,1,9.0,21,8.0,51,9,43,-67,0,1000,167.0,81,418,0.0,26.711,1335.073251,47403
0,0,0,0,14.0,5,9.0,48,4,154,26,123,880,471000000000000.0,10,1114,5.0,42.845,100.7333333,48111
0,0,0,0,6.0,7,1.0,46,6,219,-48,48,873,427000000000000.0,17,1203,9.0,51.224,50.58333333,48013
0,0,0,0,12.0,3,6.0,43,4,195,83,62,13,337000000000000.0,78,1085,9.0,49.789,99.22222222,48079
0,0,0,0,11.0,4,1.0,48,2,86,-36,65,400,249000000000000.0,45,1138,1.0,31.626,101.1555556,48059
