MRE-,ACC+,PRED40+,N_estimators,criterion,Min_sample_leaves,Min_impurity_decrease,Max_depth,_source_row
0.2157508003988873,0.9992994746059544,0.0,70,absolute_error,3,0.0,11,14
0.1338371909935443,0.9847051955633392,1.0,10,squared_error,1,0.0,16,25
0.0183698105285256,0.879626386456509,1.0,10,absolute_error,1,3.75,14,7
