hv_better_pct,spread_better_pct,igd_better_pct,mdh_better_pct
80.26819923371647,62.07627118644068,91.57088122605364,50.76628352490422
