MRE-,ACC+,PRED40+,N_estimators,criterion,Min_sample_leaves,Min_impurity_decrease,Max_depth,_source_row
0.080265096,0.793335469,0.8571428571428571,60,poisson,1,1.5,20,4339
0.1139911634756995,0.8071131047741108,1.0,110,poisson,1,2.75,18,600
0.1589101620029455,0.8949054790131368,1.0,120,poisson,1,3.25,14,8445
0.068335788,0.7292534444088432,0.8571428571428571,110,poisson,1,0.0,6,4286
0.057437408,0.7026594040371675,0.8571428571428571,20,poisson,1,0.75,15,963
0.1671575846833578,0.9311118231336112,1.0,140,poisson,1,3.5,13,2706
0.1379970544918998,0.8926626081384171,1.0,80,poisson,1,1.75,3,3697
