algorithm,hv_better_pct,spread_better_pct,igd_better_pct,mdh_better_pct
AGEMOEA,74.01709401709402,67.4766355140187,84.61538461538461,40.51282051282051
AGEMOEA2,72.47863247863248,65.60747663551402,84.44444444444444,41.53846153846154
CTAEA,73.23232323232324,69.06077348066299,84.006734006734,47.81144781144781
MOEAD,44.04761904761905,42.27467811158798,42.26190476190476,53.96825396825397
NSGA2,70.37037037037037,70.5340699815838,83.83838383838383,43.43434343434343
NSGA3,69.57264957264957,73.27102803738318,78.80341880341881,49.05982905982906
RNSGA3,32.69230769230769,83.44671201814059,35.68376068376068,41.02564102564103
RVEA,87.17948717948718,40.298507462686565,81.19658119658119,73.67521367521367
UNSGA3,69.91452991452991,73.83177570093459,79.65811965811966,50.76923076923077
