MRE-,ACC+,PRED40+,N_estimators,criterion,Min_sample_leaves,Min_impurity_decrease,Max_depth,_source_row
0.5980588235294118,0.1370127363952142,0.0,30,absolute_error,3,0.25,6,8256
0.5901764705882353,0.0027016595908915,0.0,150,absolute_error,10,7.25,18,6734
0.0,0.0,1.0,30,absolute_error,12,2.0,2,546
0.6439411764705882,0.9637205712080278,0.3333333333333334,190,absolute_error,3,0.0,3,531
0.8821764705882353,0.7908143573909687,0.8333333333333334,90,poisson,2,0.0,19,6137
