MRE-,ACC+,PRED40+,N_estimators,criterion,Min_sample_leaves,Min_impurity_decrease,Max_depth,_source_row
0.0,0.0,1.0,40,absolute_error,18,6.25,2,9982
0.6470588235294118,0.0741026630644538,0.0,10,absolute_error,2,6.25,2,2165
0.8551764705882353,0.2964106522578155,0.0,10,poisson,17,6.25,3,579
