MRE-,ACC+,PRED40+,N_estimators,criterion,Min_sample_leaves,Min_impurity_decrease,Max_depth,_source_row
0.3898428936792108,0.5925617540938106,1.0,60,absolute_error,4,1.0,17,43
0.4398976982097187,0.6364140993616431,1.0,70,absolute_error,4,1.25,20,44
0.0701497990500548,0.9103524840410768,0.75,10,absolute_error,6,0.25,15,24
0.0398246255023749,0.76797113516514,0.75,20,absolute_error,5,0.0,17,22
