MRE-,ACC+,PRED40+,N_estimators,criterion,Min_sample_leaves,Min_impurity_decrease,Max_depth,_source_row
0.1600292290829376,0.8362475714682208,0.75,50,squared_error,5,2.0,15,12
0.123492875411034,0.8021093533166804,0.75,10,squared_error,4,4.5,17,19
0.0847643405188162,0.7851790174854287,0.75,30,squared_error,6,0.25,1,18
0.320058458165875,0.6919233971690257,1.0,10,squared_error,2,1.25,13,7
