MRE-,ACC+,PRED40+,N_estimators,criterion,Min_sample_leaves,Min_impurity_decrease,Max_depth,_source_row
0.4355133357690902,0.5728559533721899,1.0,70,squared_error,7,7.5,6,8859
0.1275118743149434,0.752150985290036,0.75,40,squared_error,7,4.5,20,9639
0.485933503836317,0.5747987787954483,1.0,80,squared_error,5,8.0,6,6969
0.1209353306540007,0.7082986400222037,0.75,60,squared_error,4,2.5,6,5114
