MRE-,ACC+,PRED40+,N_estimators,criterion,Min_sample_leaves,Min_impurity_decrease,Max_depth,_source_row
0.4355133357690902,0.5728559533721899,1.0,70,squared_error,7,7.5,6,8859
0.1275118743149434,0.752150985290036,0.75,40,squared_error,7,4.5,20,9639
0.1143587869930581,0.7402164862614488,0.75,160,squared_error,6,3.5,4,2288
0.1932773109243698,0.7568692756036636,0.75,30,squared_error,6,7.0,20,2141
0.485933503836317,0.5747987787954483,1.0,80,squared_error,5,8.0,6,6969
