MRE-,ACC+,PRED40+,N_estimators,criterion,Min_sample_leaves,Min_impurity_decrease,Max_depth,_source_row
0.0942637924735112,0.7177352206494587,0.75,10,squared_error,5,4.0,15,8166
0.320058458165875,0.6919233971690257,1.0,10,squared_error,2,1.25,13,728
0.0997442455242966,0.7271718012767138,0.75,120,squared_error,5,1.25,19,1744
0.1483375959079284,0.8129336663891201,0.75,20,squared_error,7,1.75,14,1282
0.1044939715016442,0.7438245906189287,0.75,10,squared_error,6,0.75,14,1839
0.1260504201680673,0.7896197613100194,0.75,80,squared_error,7,1.0,5,2778
0.1600292290829376,0.8362475714682208,0.75,50,squared_error,5,2.0,15,8757
0.1114358786993058,0.7574243685817373,0.75,70,squared_error,7,2.75,14,7419
0.123858238947753,0.7590896475159589,0.75,80,squared_error,6,1.75,13,4609
