MRE-,ACC+,PRED40+,N_estimators,criterion,Min_sample_leaves,Min_impurity_decrease,Max_depth,_source_row
0.4366094263792474,0.604496253122398,1.0,20,squared_error,5,3.5,4,9816
0.1600292290829376,0.8362475714682208,0.75,50,squared_error,5,2.0,15,8757
0.0847643405188162,0.7851790174854287,0.75,30,squared_error,6,0.25,1,3852
0.123492875411034,0.8021093533166804,0.75,10,squared_error,4,4.5,17,461
0.4526854219948849,0.6369691923397168,1.0,10,squared_error,5,2.75,19,3113
0.1483375959079284,0.8129336663891201,0.75,20,squared_error,7,1.75,14,1282
0.4391669711362806,0.6150430197058007,1.0,10,squared_error,6,1.5,5,7534
