MRE-,ACC+,PRED40+,N_estimators,criterion,Min_sample_leaves,Min_impurity_decrease,Max_depth,_source_row
0.0942637924735112,0.7177352206494587,0.75,10,squared_error,5,4.0,15,8166
0.4526854219948849,0.6369691923397168,1.0,10,squared_error,5,2.75,19,3113
0.123492875411034,0.8021093533166804,0.75,10,squared_error,4,4.5,17,461
