MRE-,ACC+,PRED40+,N_estimators,criterion,Min_sample_leaves,Min_impurity_decrease,Max_depth,_source_row
0.4366094263792474,0.604496253122398,1.0,20,squared_error,5,3.5,4,9816
0.0398246255023749,0.76797113516514,0.75,20,absolute_error,5,0.0,17,5978
0.0701497990500548,0.9103524840410768,0.75,10,absolute_error,6,0.25,15,617
