No_mbtree,No_asm,No_cabac,No_scenecut,Aq_strength,Bframes,Qcomp,Qp,Ref,Rc_lookahead,B_bias,Threads,Keyint,Crf,Scenecut,Seek,Ipratio,PSNR-,Energy-,_source_row
0,1,0,0,1.5,23,0.1,3,1,9,-3,85,92,45.0,66,558,0.3,25.985,1845.666667,14
0,0,0,0,1.0,19,8.0,31,4,26,90,38,700,279000000000000.0,45,1241,1.0,81.936,0.0,24
0,0,0,0,9.0,19,6.0,44,6,75,65,26,160,414000000000000.0,60,1076,0.0,26.059,101.4888889,1
0,0,0,0,11.0,20,5.0,32,3,130,32,57,232,420000000000000.0,98,1155,1.0,44.637,47.8,25
0,0,0,0,12.0,14,1.0,50,2,44,56,3,719,426000000000000.0,32,1044,9.0,43.263,99.4,32
0,0,0,0,11.0,4,1.0,48,2,86,-36,65,400,249000000000000.0,45,1138,1.0,31.626,101.1555556,28
