MRE-,ACC+,PRED40+,N_estimators,criterion,Min_sample_leaves,Min_impurity_decrease,Max_depth,_source_row
0.1669781931464174,0.8593628593628595,0.8000000000000002,20,squared_error,1,4.75,16,2
0.1088785046728972,0.7090132090132091,0.8000000000000002,30,absolute_error,2,2.5,3,22
0.0595015576323987,0.6317016317016318,0.8000000000000002,50,absolute_error,1,3.75,20,39
0.0341121495327102,0.4743589743589744,0.8000000000000002,30,poisson,7,4.75,15,35
0.0448598130841121,0.5695415695415695,1.0,10,absolute_error,3,4.5,1,43
0.1551401869158878,0.7261072261072262,0.8000000000000002,50,absolute_error,1,2.25,13,33
