MRE-,ACC+,PRED40+,N_estimators,criterion,Min_sample_leaves,Min_impurity_decrease,Max_depth,_source_row
0.32196261682243,1.0,0.4000000000000001,10,squared_error,1,6.75,5,64
0.1669781931464174,0.8593628593628595,0.8000000000000002,20,squared_error,1,4.75,16,2
0.0,0.7742812742812744,1.0,10,squared_error,2,7.0,16,0
0.2141744548286605,0.9145299145299144,0.4000000000000001,70,squared_error,2,4.5,10,5
0.2216510903426791,0.8896658896658897,0.8000000000000002,20,squared_error,3,4.75,9,9
