MRE-,ACC+,PRED40+,N_estimators,criterion,Min_sample_leaves,Min_impurity_decrease,Max_depth,_source_row
0.0252183077386329,0.9601816276632904,0.0,10,squared_error,6,1.5,5,7534
0.1676452875639868,0.7268599371288857,1.0,10,absolute_error,3,0.5,20,4263
0.0638361939174946,0.5864477820468041,1.0,30,absolute_error,2,0.75,15,7774
0.2298253538090937,1.0,0.0,10,squared_error,5,6.5,13,1544
0.2600873230954533,0.8697170799860287,1.0,10,absolute_error,5,3.0,15,4630
0.2057362240289071,0.9926650366748166,0.0,10,squared_error,5,2.5,11,2776
