MRE-,ACC+,PRED40+,N_estimators,criterion,Min_sample_leaves,Min_impurity_decrease,Max_depth,_source_row
0.2298253538090937,1.0,0.0,10,squared_error,5,6.5,13,27
0.1825504366154773,0.6671323786238211,1.0,30,squared_error,4,6.75,7,21
0.2143932550436615,0.6720223541739434,1.0,60,absolute_error,1,4.5,3,22
0.2600873230954533,0.8697170799860287,1.0,10,absolute_error,5,3.0,15,48
0.0252183077386329,0.9601816276632904,0.0,10,squared_error,6,1.5,5,12
0.2057362240289071,0.9926650366748166,0.0,10,squared_error,5,2.5,11,49
