MRE-,ACC+,PRED40+,N_estimators,criterion,Min_sample_leaves,Min_impurity_decrease,Max_depth,_source_row
0.0359831376091538,0.4250785888927698,0.0,10,squared_error,2,1.25,13,28
0.2600873230954533,0.8697170799860287,1.0,10,absolute_error,5,3.0,15,48
0.2298253538090937,1.0,0.0,10,squared_error,5,6.5,13,27
0.0962812405901836,0.935731749912679,0.0,20,squared_error,6,4.0,13,29
0.2057362240289071,0.9926650366748166,0.0,10,squared_error,5,2.5,11,49
0.0638361939174946,0.5864477820468041,1.0,30,absolute_error,2,0.75,15,15
0.1676452875639868,0.7268599371288857,1.0,10,absolute_error,3,0.5,20,14
