twoPass,quality,bestQuality,goodQuality,rtQuality,constantBitrate,autoAltRef,noAltRef,allowResize,Threads,TokenParts,ArnrMaxFrames,ArnrStrength,Performance-,Energy-,Cpu-,_source_row
0,1,0,0,1,0,0,0,0,1,1,5,3,8223.8,311.4,26.845,52
1,1,0,0,1,1,1,0,0,2,2,5,0,6293.2,294.8,36.186667,1581
0,1,1,0,0,0,0,0,1,1,0,15,3,60005.0,2109.6,26.070961,1032
0,1,0,0,1,1,0,0,0,1,1,15,3,7813.6,323.8,29.493214,280
0,1,0,0,1,1,0,0,1,1,1,5,0,7832.2,326.4,28.668928,340
0,1,0,0,1,1,0,0,0,1,0,5,0,7836.2,316.8,27.336072,228
1,1,0,0,1,1,1,0,0,1,1,15,6,7777.4,335.4,27.797143,1660
0,1,0,0,1,1,0,0,0,1,1,15,0,7677.8,317.2,32.65,244
0,1,0,0,1,1,0,0,1,4,1,15,3,5239.8,232.0,42.272,391
