MRE-,ACC+,PRED40+,N_estimators,criterion,Min_sample_leaves,Min_impurity_decrease,Max_depth,_source_row
0.0,0.2635370671624448,0.0,10,squared_error,1,1.25,6,5234
0.112940286000054,0.4417848013014176,1.0,160,squared_error,3,5.0,20,815
0.0833581127961145,0.3695096444341157,1.0,40,squared_error,2,1.5,4,5566
0.1052721686084754,0.7122937485475249,0.0,30,squared_error,2,4.5,9,7231
0.1724290181025239,0.7071810364861724,1.0,30,absolute_error,1,0.5,6,5776
0.0816731093269897,0.0546130606553567,1.0,50,squared_error,1,2.0,14,107
0.0635525639985943,0.5593771787125261,0.0,20,absolute_error,1,1.0,2,2600
0.0725632777372295,0.6939344643272135,0.0,30,absolute_error,7,0.75,19,9094
