MRE-,ACC+,PRED40+,N_estimators,criterion,Min_sample_leaves,Min_impurity_decrease,Max_depth,_source_row
0.0,1.0,1.0,10,squared_error,3,0.0,9,0
0.0,0.6468023255813953,0.7,150,squared_error,5,0.0,17,31
0.0,0.6603682170542635,0.8999999999999999,140,squared_error,2,0.0,4,57
0.0,0.5264050387596899,1.0,150,squared_error,1,0.0,17,62
0.7840404454464713,0.4556686046511627,0.0,80,squared_error,3,0.5,16,5
0.8678007788481246,0.187015503875969,0.0,80,poisson,16,4.5,13,61
0.68846075015372,0.6799903100775194,0.1999999999999999,130,squared_error,5,0.0,14,56
