MRE-,ACC+,PRED40+,N_estimators,criterion,Min_sample_leaves,Min_impurity_decrease,Max_depth,_source_row
0.0017598637524836,0.9513104182689464,0.8888888888888887,30,poisson,6,8.25,12,4827
0.0,0.925634502750991,0.8888888888888887,10,poisson,7,8.25,4,423
0.0114107294919103,0.9853872093711176,1.0,10,squared_error,11,2.25,5,4417
