Culture,Criticality,Criticality Modifier,Initial Known,Inter-Dependency,Dynamism,Size,Plan,Team Size,Cost-,Score-,Idle-,_source_row
0.1141287600816156,0.3375443200978328,0.0403363097729655,0.3381299611410955,0.8639684512148971,0.0166090346180761,0.0835206100723726,0.4766697880979204,0.341302120291801,0.039053001,0.038587275,0.441176471,13647
0.2546465370237655,0.24343336002527,0.0429663631253517,0.8141661150904352,0.5390624069758619,0.1590812732345986,0.1384009065017789,0.1990240341297571,0.0282053651605077,0.033460964,0.109272846,0.0,17763
0.2065424214400727,0.1590079419224197,0.045708919991196,0.3640669581306021,0.088623430155218,0.2258629748309251,0.2219112356613756,0.2960214115250135,0.1336748992522921,0.017653818,0.251775814,0.357142857,4141
0.0331803637091713,0.5201697232908926,0.2210379279080162,0.7554112328191964,0.1686276406875249,0.000860117933402,0.0421670611187662,0.4637590398926133,0.1268428869022041,0.07421745,0.002511216,0.0,11149
0.0237907288491873,0.3551263673831929,0.1070226964387137,0.5285211314170076,0.0781879713105232,0.2397262523054857,0.0136870265064783,0.1614538243393014,0.0347076738623511,0.03801764,0.051195864,0.0,16694
0.1616906840350594,0.2058286686514222,0.095479053199646,0.2279221584397652,0.426802310021138,0.0038013851807889,0.1481996278668557,0.447286419887776,0.0919040608410161,0.034451816,0.032906096,0.588235294,15487
