No_mbtree,No_asm,No_cabac,No_scenecut,Aq_strength,Bframes,Qcomp,Qp,Ref,Rc_lookahead,B_bias,Threads,Keyint,Crf,Scenecut,Seek,Ipratio,PSNR-,Energy-,_source_row
0,0,0,0,9.0,19,6.0,44,6,75,65,26,160,414000000000000.0,60,1076,0.0,26.059,101.4888889,47792
0,0,0,0,1.0,19,8.0,31,4,26,90,38,700,279000000000000.0,45,1241,1.0,81.936,0.0,47728
0,0,0,0,14.0,5,9.0,48,4,154,26,123,880,471000000000000.0,10,1114,5.0,42.845,100.7333333,48111
0,0,0,0,11.0,20,5.0,32,3,130,32,57,232,420000000000000.0,98,1155,1.0,44.637,47.8,48176
