MRE-,ACC+,PRED40+,N_estimators,criterion,Min_sample_leaves,Min_impurity_decrease,Max_depth,_source_row
0.1338371909935443,0.9847051955633392,1.0,10,squared_error,1,0.0,16,2649
0.0349918647981945,0.8784588441330997,1.0,30,absolute_error,13,0.25,16,7321
0.022306198498924,0.7291301809690601,1.0,20,absolute_error,3,2.25,20,5868
