Culture,Criticality,Criticality Modifier,Initial Known,Inter-Dependency,Dynamism,Size,Plan,Team Size,Cost-,Score-,Idle-,_source_row
0.1398260831836173,0.1767603813616987,0.2808148204819761,0.9574383195565556,0.1491822003997021,0.0248328767196007,0.3677689534671342,0.75816912957613,0.3600546049511239,0.080362934,0.004607009,0.0,16151
