Culture,Criticality,Criticality Modifier,Initial Known,Inter-Dependency,Dynamism,Size,Plan,Team Size,Cost-,Score-,Idle-,_source_row
0.784990314748716,0.0190562365358395,0.2628992309647836,0.9473312360572952,0.7860944693229899,0.227554337108547,0.4523692768490461,0.4439957060508731,0.6405094372412037,0.032034453,0.422866876,0.0,12082
0.0754756246744132,0.0751205813584808,0.9219660735922616,0.8576537289706072,0.7632755785006167,0.7017810888998475,0.0445664856375512,0.1584494455155581,0.4944361614484905,0.045673199,0.0,0.0,14161
