Culture,Criticality,Criticality Modifier,Initial Known,Inter-Dependency,Dynamism,Size,Plan,Team Size,Cost-,Score-,Idle-,_source_row
0.6848914057030752,0.0922679624636766,0.7892650232257662,0.7028443417073118,0.1577422173743432,0.1345237744542646,0.1217153440954972,0.2221032890510427,0.3008675548057395,0.021242901,0.122987047,0.5,6337
0.1877854101038861,0.218316721291599,0.9140023715557364,0.7593194776302272,0.0695937837906832,0.3479355825519592,0.2327058801995274,0.1214942076018433,0.337648429102018,0.084982726,0.0,0.0,8840
0.2513214484449058,0.2220576622658806,0.2217886889052148,0.7175613555688577,0.502903855370286,0.0005112617054949,0.1200345003504717,0.0889531616242053,0.4378680600669488,0.084337028,0.016361722,0.1,13237
0.0722383530989665,0.0827866390991431,0.9370001477915,0.9053420520206704,0.3622461563499652,0.0711016350073905,0.4845236872364316,0.0489016474757444,0.4440370810394928,0.080441394,0.018756601,0.0,7008
0.3550861926192602,0.0334373861349562,0.6432816539956949,0.8221720844445687,0.0942173864780039,0.039431429249288,0.2733497377938712,0.2739051488024656,0.4281357201573377,0.0397612,0.028070453,0.0,10141
