country,Year,status,Life expectancy ,Adult Mortality,infant deaths,Alcohol,percentage expenditure,Hepatitis B,Measles , BMI ,under-five deaths ,Polio,Total expenditure,Diphtheria , HIV/AIDS,GDP,Population, thinness  1-19 years, thinness 5-9 years,Income composition of resources+,Schooling+,_source_row
Norway,2015,Developed,81.8,59.0,0,5.97,0.0,80.94046122,14,61.2,0,95.0,5.938189528,95.0,0.1,7455.24654,518867.0,0.8,0.7,0.948,17.7,0
Norway,2010,Developed,81.0,66.0,0,6.59,15268.06445,80.94046122,3,58.9,0,93.0,9.26,93.0,0.1,87646.75346,4889252.0,0.7,0.7,0.936,17.4,8
Norway,2005,Developed,81.0,73.0,0,6.37,11792.53465,80.94046122,0,56.5,0,91.0,8.89,91.0,0.1,66775.3944,4623291.0,0.8,0.7,0.929,17.6,4
Netherlands,2012,Developed,81.1,62.0,1,9.05,1162.656768,2.0,10,6.5,1,97.0,11.1,97.0,0.1,49474.7561,16754962.0,1.0,0.9,0.921,18.1,9
Australia,2010,Developed,81.9,64.0,1,10.52,8875.786493,92.0,70,63.9,1,92.0,9.2,92.0,0.1,51874.848,223175.0,0.7,0.6,0.927,19.5,10
Australia,2015,Developed,82.8,59.0,1,4.602860787,0.0,93.0,74,66.6,1,93.0,5.938189528,93.0,0.1,56554.3876,23789338.0,0.6,0.6,0.937,20.4,1
New Zealand,2010,Developed,89.0,71.0,0,9.62,6664.148708,9.0,43,64.8,0,93.0,11.2,93.0,0.1,33691.34837,12753375.12,0.3,0.3,0.899,20.3,7
Australia,2004,Developed,86.0,69.0,1,9.84,588.568371,95.0,70,6.9,1,92.0,8.57,92.0,0.1,3472.37977,21274.0,0.7,0.6,0.908,20.7,2
