No_mbtree,No_asm,No_cabac,No_scenecut,Aq_strength,Bframes,Qcomp,Qp,Ref,Rc_lookahead,B_bias,Threads,Keyint,Crf,Scenecut,Seek,Ipratio,PSNR-,Energy-,_source_row,_source_algorithm,_source_file,_runtime_sec
0,0,0,0,9.0,19,6.0,44,6,75,65,26,160,414000000000000.0,60,1076,0.0,26.059,101.4888889,1,AGEMOEA,outputs\AGEMOEA\SS-N.csv,0.03913450241088867
0,0,0,0,4.0,25,1.0,49,7,173,61,100,818,390000000000000.0,33,1161,1.0,30.163,50.98333333,10,AGEMOEA2,outputs\AGEMOEA2\SS-N.csv,0.03913450241088867
0,0,0,0,12.0,14,1.0,50,2,44,56,3,719,426000000000000.0,32,1044,9.0,43.263,99.4,45,RVEA,outputs\RVEA\SS-N.csv,0.03913450241088867
0,0,0,0,12.0,3,6.0,43,4,195,83,62,13,337000000000000.0,78,1085,9.0,49.789,99.22222222,3,AGEMOEA,outputs\AGEMOEA\SS-N.csv,0.03913450241088867
0,0,0,0,11.0,20,5.0,32,3,130,32,57,232,420000000000000.0,98,1155,1.0,44.637,47.8,31,NSGA3,outputs\NSGA3\SS-N.csv,0.03913450241088867
0,0,0,0,18.0,15,1.0,44,0,85,16,109,448,382000000000000.0,42,1192,15.0,53.842,51.7,7,AGEMOEA,outputs\AGEMOEA\SS-N.csv,0.03913450241088867
0,0,0,0,14.0,16,3.0,30,9,19,-1,78,603,358000000000000.0,50,1198,12.0,67.694,50.36666667,6,AGEMOEA,outputs\AGEMOEA\SS-N.csv,0.03913450241088867
0,0,0,0,7.0,3,4.0,15,9,183,-19,1,235,445000000000000.0,40,1193,16.0,80.143,48.11666667,27,NSGA2,outputs\NSGA2\SS-N.csv,0.03913450241088867
0,0,0,0,1.0,19,8.0,31,4,26,90,38,700,279000000000000.0,45,1241,1.0,81.936,0.0,29,NSGA3,outputs\NSGA3\SS-N.csv,0.03913450241088867
