MRE-,ACC+,PRED40+,N_estimators,criterion,Min_sample_leaves,Min_impurity_decrease,Max_depth,_source_row
0.1126259514676948,0.8342653787493645,1.0,30,absolute_error,5,3.5,12,28
0.3403422302601506,0.9994916115912555,0.0,40,absolute_error,6,0.25,16,97
0.0596219965419242,0.8145653279105236,1.0,10,absolute_error,10,1.75,19,13
0.1788659896257726,0.9051855617691916,0.0,10,absolute_error,2,1.25,13,38
0.3378579804042371,0.983985765124555,0.0,10,absolute_error,5,0.75,6,12
0.172247948009619,0.8467208947635994,0.0,30,absolute_error,20,1.5,12,95
0.3249398811534869,0.9448398576512456,0.0,50,absolute_error,5,1.25,6,24
