MRE-,ACC+,PRED40+,N_estimators,criterion,Min_sample_leaves,Min_impurity_decrease,Max_depth,_source_row
0.0695589959655782,0.8192679206914083,1.0,20,absolute_error,6,8.25,12,94
0.1788659896257726,0.9051855617691916,0.0,10,absolute_error,2,1.25,13,38
0.1838344893375996,0.8485002541942044,0.0,40,absolute_error,5,9.5,16,92
0.1126259514676948,0.8342653787493645,1.0,30,absolute_error,5,3.5,12,28
0.2888884472444701,0.9131926792069142,0.0,140,absolute_error,5,1.25,13,37
0.3249398811534869,0.9448398576512456,0.0,50,absolute_error,5,1.25,6,24
0.3974799769461614,0.9472547025927808,0.0,40,absolute_error,4,1.25,12,41
0.5567502037084882,0.9597102186070158,0.0,180,absolute_error,5,0.25,18,32
0.6425860047300117,0.9875444839857652,0.0,20,squared_error,5,2.5,4,67
