MRE-,ACC+,PRED40+,N_estimators,criterion,Min_sample_leaves,Min_impurity_decrease,Max_depth,_source_row
0.0,0.7142857142857142,1.0,90,absolute_error,16,3.5,11,1867
0.9438832772166106,0.338345864661654,0.0,140,poisson,18,3.0,14,6524
0.8116883116883117,0.6842105263157894,0.0,80,absolute_error,14,4.5,13,6760
0.9008337341670676,0.4511278195488721,0.0,20,poisson,9,4.5,14,3712
