MRE-,ACC+,PRED40+,N_estimators,criterion,Min_sample_leaves,Min_impurity_decrease,Max_depth,_source_row
0.0128160975267238,0.8745850239763924,1.0,60,absolute_error,3,5.75,4,1619
0.1990858541445848,0.883659166359277,1.0,60,absolute_error,3,1.75,3,6632
0.0055738154388334,0.8541497602360751,0.0,30,absolute_error,4,5.75,5,8251
0.0578847587744962,0.931907045370712,0.0,40,absolute_error,4,2.5,6,1290
