MRE-,ACC+,PRED40+,N_estimators,criterion,Min_sample_leaves,Min_impurity_decrease,Max_depth,_source_row
0.0128160975267238,0.8745850239763924,1.0,60,absolute_error,3,5.75,4,1619
0.0336468534858915,0.8773884175580966,0.0,40,absolute_error,1,6.5,14,2396
0.0042998960134012,0.8556252305422353,0.0,70,absolute_error,6,5.0,15,3526
0.1092962681851162,0.9069715971966064,0.0,80,absolute_error,3,4.5,5,9270
