MRE-,ACC+,PRED40+,N_estimators,criterion,Min_sample_leaves,Min_impurity_decrease,Max_depth,_source_row
0.2783564098877547,0.9589819254887496,1.0,20,absolute_error,3,2.25,20,5868
0.0033436205391922,0.8566580597565474,0.0,10,absolute_error,7,4.25,16,8966
0.0578847587744962,0.931907045370712,0.0,40,absolute_error,4,2.5,6,1290
0.0138893997198045,0.8649206934710439,1.0,130,absolute_error,6,2.25,19,5488
0.1036522367149597,0.9083732939874584,1.0,20,absolute_error,4,3.5,18,272
0.0083590513479806,0.8683142751752121,0.0,20,absolute_error,2,2.75,7,4421
