MRE-,ACC+,PRED40+,N_estimators,criterion,Min_sample_leaves,Min_impurity_decrease,Max_depth,_source_row
0.0591988016463987,0.899299151604574,1.0,110,absolute_error,3,6.5,14,2293
0.1036522367149597,0.9083732939874584,1.0,20,absolute_error,4,3.5,18,272
0.014210387291567,0.8626337144964957,1.0,140,absolute_error,6,1.5,4,141
0.0384516362007108,0.8962744374769458,1.0,100,absolute_error,4,5.0,12,5510
0.0094724769875316,0.9082995204721503,0.0,30,absolute_error,3,7.75,14,7713
0.0643646953794507,0.9404647731464404,0.0,10,absolute_error,4,3.75,17,1407
0.0,0.8605680560678716,0.0,20,absolute_error,15,6.25,11,5185
