MRE-,ACC+,PRED40+,N_estimators,criterion,Min_sample_leaves,Min_impurity_decrease,Max_depth,_source_row
0.0643646953794507,0.9404647731464404,0.0,10,absolute_error,4,3.75,17,1407
0.0126321983970683,0.8706012541497602,1.0,90,absolute_error,2,9.75,4,7770
0.0128160975267238,0.8745850239763924,1.0,60,absolute_error,3,5.75,4,1619
0.2783564098877547,0.9589819254887496,1.0,20,absolute_error,3,2.25,20,5868
