MRE-,ACC+,PRED40+,N_estimators,criterion,Min_sample_leaves,Min_impurity_decrease,Max_depth,_source_row
0.0384516362007108,0.8962744374769458,1.0,100,absolute_error,4,5.0,12,5510
0.0083590513479806,0.8683142751752121,0.0,20,absolute_error,2,2.75,7,4421
0.0089174359780257,0.8756916267060125,1.0,120,absolute_error,3,6.5,5,4977
0.0591988016463987,0.899299151604574,1.0,110,absolute_error,3,6.5,14,2293
0.0033436205391922,0.8566580597565474,0.0,10,absolute_error,5,4.5,6,3207
0.0578847587744962,0.931907045370712,0.0,40,absolute_error,4,2.5,6,1290
