MRE-,ACC+,PRED40+,N_estimators,criterion,Min_sample_leaves,Min_impurity_decrease,Max_depth,_source_row
0.1335834727182315,0.855773800095042,0.6666666666666665,80,absolute_error,17,2.0,2,7348
0.1626056688214818,0.9277680975764296,0.6666666666666665,180,absolute_error,5,2.0,5,1300
0.1398218887030423,0.860842705528275,0.6666666666666665,170,absolute_error,5,8.5,5,4634
0.1470548347723882,0.9169966735308096,0.6666666666666665,60,absolute_error,5,4.75,3,8346
0.1442520681705167,0.8623475368287661,0.6666666666666665,160,absolute_error,6,8.75,7,2708
0.1458794810361195,0.8711389196895296,0.6666666666666665,80,absolute_error,5,7.25,1,2225
