MRE-,ACC+,PRED40+,N_estimators,criterion,Min_sample_leaves,Min_impurity_decrease,Max_depth,_source_row
0.1323629130690294,0.950498970378584,0.0,50,absolute_error,4,1.75,9,9692
0.0877446770037521,0.9402027562173292,0.6666666666666665,10,poisson,6,1.0,14,5802
0.1302834410740925,0.944558846824014,0.3333333333333332,120,absolute_error,5,1.25,13,1136
0.1050133357443153,0.9436084270552828,0.6666666666666665,40,absolute_error,5,2.25,13,5065
0.1543781926676009,0.9473309044828132,0.3333333333333332,150,absolute_error,5,1.25,3,9827
