MRE-,ACC+,PRED40+,N_estimators,criterion,Min_sample_leaves,Min_impurity_decrease,Max_depth,_source_row
0.1323629130690294,0.950498970378584,0.0,50,absolute_error,4,1.75,9,9692
0.1543781926676009,0.9473309044828132,0.3333333333333332,150,absolute_error,5,1.25,3,9827
0.1179874327562045,0.9325201964200855,0.6666666666666665,10,absolute_error,7,5.5,6,909
0.1302834410740925,0.944558846824014,0.3333333333333332,120,absolute_error,5,1.25,13,1136
0.1165408435423353,0.901077142404562,0.6666666666666665,20,absolute_error,5,7.25,11,9721
