MRE-,ACC+,PRED40+,N_estimators,criterion,Min_sample_leaves,Min_impurity_decrease,Max_depth,_source_row
0.1406355951358437,0.8552985902106764,0.6666666666666665,130,absolute_error,19,8.25,10,6174
0.1543781926676009,0.9473309044828132,0.3333333333333332,150,absolute_error,5,1.25,3,9827
0.1626056688214818,0.9277680975764296,0.6666666666666665,180,absolute_error,5,2.0,5,1300
