MRE-,ACC+,PRED40+,N_estimators,criterion,Min_sample_leaves,Min_impurity_decrease,Max_depth,_source_row
0.1165408435423353,0.901077142404562,0.6666666666666665,20,absolute_error,5,7.25,11,9721
0.0922200623841598,0.8669412323776334,0.6666666666666665,10,absolute_error,2,6.25,2,2165
0.1302834410740925,0.944558846824014,0.3333333333333332,120,absolute_error,5,1.25,13,1136
0.1226436417883459,0.9078092824330748,0.6666666666666665,20,absolute_error,4,6.25,11,4668
0.161972786040414,0.9274512909868524,0.6666666666666665,140,absolute_error,5,1.25,13,6594
