MRE-,ACC+,PRED40+,N_estimators,criterion,Min_sample_leaves,Min_impurity_decrease,Max_depth,_source_row
0.2988538276496393,0.4998080614203454,0.5000000000000001,180,absolute_error,2,2.25,13,6860
0.2235743597000143,0.4168905950095969,0.5000000000000001,130,absolute_error,5,3.0,19,1517
0.3857365218621763,0.692514395393474,0.5000000000000001,70,squared_error,2,8.0,9,5071
0.23234753077685,0.4222648752399232,0.5000000000000001,70,absolute_error,3,2.5,10,1873
0.1707938304796943,0.4023032629558541,0.5000000000000001,40,absolute_error,1,8.25,11,6340
0.3264468657138814,0.6241842610364684,0.5000000000000001,50,absolute_error,1,2.25,13,6769
0.5026178010471206,0.8065259117082533,0.5000000000000001,30,squared_error,1,7.75,11,9257
0.4072449412763549,0.7013435700575815,0.5000000000000001,90,squared_error,1,7.0,9,3989
