MRE-,ACC+,PRED40+,N_estimators,criterion,Min_sample_leaves,Min_impurity_decrease,Max_depth,_source_row
0.2089995754917222,0.2429942418426103,0.5000000000000001,60,absolute_error,5,2.75,16,6731
0.23234753077685,0.4222648752399232,0.5000000000000001,70,absolute_error,3,2.5,10,1873
0.2211688127918494,0.3393474088291746,0.5000000000000001,80,absolute_error,1,2.0,9,8330
0.2320645252582426,0.382725527831094,0.5000000000000001,180,absolute_error,1,2.75,9,8444
0.4704966746851564,0.8211132437619961,0.5000000000000001,80,squared_error,1,0.75,16,3962
0.3871515494552142,0.6268714011516314,0.5000000000000001,60,squared_error,1,7.0,16,2839
0.2988538276496393,0.4998080614203454,0.5000000000000001,180,absolute_error,2,2.25,13,6860
0.353190887222301,0.5477927063339731,0.5000000000000001,80,absolute_error,1,0.5,7,4356
