MRE-,ACC+,PRED40+,N_estimators,criterion,Min_sample_leaves,Min_impurity_decrease,Max_depth,_source_row
0.2588085467666619,0.5309021113243761,0.5000000000000001,30,absolute_error,7,0.0,16,4973
0.0348096787887364,0.4625719769673704,0.5000000000000001,10,absolute_error,7,1.5,14,6672
0.0321211263619642,0.2748560460652591,0.5000000000000001,10,absolute_error,5,3.0,15,4630
0.5019102872506015,0.6272552783109405,0.5000000000000001,30,absolute_error,1,1.5,8,8832
0.1736238856657706,0.4886756238003839,0.5000000000000001,20,absolute_error,3,2.25,20,5868
0.390406112919202,0.5869481765834932,0.5000000000000001,60,absolute_error,5,1.0,17,8795
0.2933352200367906,0.581573896353167,0.5000000000000001,30,absolute_error,6,1.25,5,459
0.4608744870524975,0.5904030710172745,0.5000000000000001,70,absolute_error,6,0.75,2,2305
