MRE-,ACC+,PRED40+,N_estimators,criterion,Min_sample_leaves,Min_impurity_decrease,Max_depth,_source_row
0.1736238856657706,0.4886756238003839,0.5000000000000001,20,absolute_error,3,2.25,20,5868
0.3264468657138814,0.6241842610364684,0.5000000000000001,50,absolute_error,1,2.25,13,6769
