MRE-,ACC+,PRED40+,N_estimators,criterion,Min_sample_leaves,Min_impurity_decrease,Max_depth,_source_row
0.0457053912551293,0.2495201535508637,0.5000000000000001,20,absolute_error,2,3.5,19,2518
0.7308617518041604,0.852207293666027,0.5000000000000001,10,squared_error,2,1.0,10,5827
0.1736238856657706,0.4886756238003839,0.5000000000000001,20,absolute_error,3,2.25,20,5868
0.4704966746851564,0.8211132437619961,0.5000000000000001,80,squared_error,1,0.75,16,3962
0.3178151973963494,0.5013435700575816,0.5000000000000001,40,squared_error,1,0.25,19,13
0.3871515494552142,0.6268714011516314,0.5000000000000001,60,squared_error,1,7.0,16,2839
0.413046554407811,0.7904030710172745,0.5000000000000001,10,squared_error,1,0.0,16,2649
0.0829206169520303,0.3547024952015355,0.5000000000000001,10,squared_error,2,1.25,13,728
