MRE-,ACC+,PRED40+,N_estimators,criterion,Min_sample_leaves,Min_impurity_decrease,Max_depth,_source_row
0.3857365218621763,0.692514395393474,0.5000000000000001,70,squared_error,2,8.0,9,5071
0.2933352200367906,0.581573896353167,0.5000000000000001,30,absolute_error,6,1.25,5,459
0.4704966746851564,0.8211132437619961,0.5000000000000001,80,squared_error,1,0.75,16,3962
0.4245082779114194,0.7389635316698656,0.5000000000000001,130,squared_error,1,6.0,17,2380
0.2588085467666619,0.5309021113243761,0.5000000000000001,30,absolute_error,7,0.0,16,4973
0.2048959954719116,0.4214971209213052,0.5000000000000001,40,absolute_error,3,5.25,14,1836
0.1074005943115891,0.3404990403071017,0.5000000000000001,30,absolute_error,2,0.0,8,5263
