MRE-,ACC+,PRED40+,N_estimators,criterion,Min_sample_leaves,Min_impurity_decrease,Max_depth,_source_row
0.5188906183670581,0.8583493282149711,0.5000000000000001,40,squared_error,1,4.25,16,9167
0.4951181548040189,0.746257197696737,0.5000000000000001,50,squared_error,1,3.25,15,6866
0.2933352200367906,0.581573896353167,0.5000000000000001,30,absolute_error,6,1.25,5,459
0.1736238856657706,0.4886756238003839,0.5000000000000001,20,absolute_error,3,2.25,20,5868
0.0457053912551293,0.2495201535508637,0.5000000000000001,20,absolute_error,2,3.5,19,2518
0.3431441913117306,0.6280230326295585,0.5000000000000001,30,absolute_error,5,0.5,5,952
