MRE-,ACC+,PRED40+,N_estimators,criterion,Min_sample_leaves,Min_impurity_decrease,Max_depth,_source_row
0.0319715808170515,0.9558975876868434,0.6666666666666665,10,absolute_error,9,6.25,16,7
0.0617229129662522,0.9072073405357408,0.8333333333333334,10,absolute_error,5,5.5,18,3
0.0134022283222993,0.8508213704306646,0.8333333333333334,20,absolute_error,7,4.75,14,4
0.1536412078152753,0.8873760544620395,1.0,70,absolute_error,5,4.5,20,0
0.1681737445502986,0.8999556015983425,1.0,50,absolute_error,5,4.5,17,6
