MRE-,ACC+,PRED40+,N_estimators,criterion,Min_sample_leaves,Min_impurity_decrease,Max_depth,_source_row
0.1302318578741344,0.8767027593433461,0.0,70,squared_error,5,1.75,20,6716
0.3864046973803073,0.8089416695773664,1.0,130,absolute_error,5,5.25,4,5208
0.3126317374284855,0.935731749912679,0.0,60,squared_error,5,1.75,12,2099
0.3191056910569105,0.7551519385260216,1.0,60,absolute_error,6,1.5,4,5550
0.1927883167720567,0.9081383164512749,0.0,80,squared_error,5,2.25,10,1616
0.472749171936164,0.8110373733845616,1.0,60,absolute_error,4,2.25,17,9510
0.3553146642577536,0.7715682850157178,1.0,120,absolute_error,6,3.75,10,5200
0.258958145137007,0.9252532308767027,0.0,50,squared_error,4,2.0,18,515
