MRE-,ACC+,PRED40+,N_estimators,criterion,Min_sample_leaves,Min_impurity_decrease,Max_depth,_source_row
0.1302318578741344,0.8767027593433461,0.0,70,squared_error,5,1.75,20,6716
0.3864046973803073,0.8089416695773664,1.0,130,absolute_error,5,5.25,4,5208
0.2149954832881662,0.880195599022005,0.0,140,squared_error,6,4.0,20,7725
0.2189099668774466,0.9304924903946908,0.0,70,squared_error,3,9.75,16,3531
0.3553146642577536,0.7715682850157178,1.0,120,absolute_error,6,3.75,10,5200
0.2658837699488106,0.6681802305274188,1.0,150,absolute_error,1,5.25,20,8953
0.2944143330322193,0.7670275934334614,1.0,20,squared_error,2,8.75,15,4427
