MRE-,ACC+,PRED40+,N_estimators,criterion,Min_sample_leaves,Min_impurity_decrease,Max_depth,_source_row
0.0252183077386329,0.9601816276632904,0.0,10,squared_error,6,1.5,5,7534
0.2805630834086119,0.7279077890324834,1.0,70,squared_error,3,0.5,1,7392
0.1676452875639868,0.7268599371288857,1.0,10,absolute_error,3,0.5,20,4263
0.0638361939174946,0.5864477820468041,1.0,30,absolute_error,2,0.75,15,7774
0.3002860584161396,0.815578064966818,1.0,40,absolute_error,7,4.75,5,750
