MRE-,ACC+,PRED40+,N_estimators,criterion,Min_sample_leaves,Min_impurity_decrease,Max_depth,_source_row
0.1541704305931947,0.8976597974152987,0.0,60,squared_error,6,7.0,2,4414
0.2289972899728996,0.9025497729654208,0.0,80,squared_error,6,7.0,7,1295
0.3331827762722071,0.8169752008382815,1.0,120,absolute_error,3,3.0,5,4149
0.1825504366154773,0.6671323786238211,1.0,30,squared_error,4,6.75,7,68
0.2143932550436615,0.6720223541739434,1.0,60,absolute_error,1,4.5,3,8572
