MRE-,ACC+,PRED40+,N_estimators,criterion,Min_sample_leaves,Min_impurity_decrease,Max_depth,_source_row
0.1951972297500753,0.5592036325532658,1.0,40,poisson,2,0.25,2,2923
0.2792833483890394,0.8375829549423681,1.0,40,absolute_error,4,2.5,12,3196
0.2143932550436615,0.6720223541739434,1.0,60,absolute_error,1,4.5,3,8572
0.1437067148449262,0.910932588194202,0.0,20,squared_error,5,5.75,2,5248
0.1649352604637157,0.932588194201886,0.0,40,squared_error,5,1.5,2,3768
0.2298253538090937,1.0,0.0,10,squared_error,5,6.5,13,1544
0.0359831376091538,0.4250785888927698,0.0,10,squared_error,2,1.25,13,728
