MRE-,ACC+,PRED40+,N_estimators,criterion,Min_sample_leaves,Min_impurity_decrease,Max_depth,_source_row
0.2600873230954533,0.8697170799860287,1.0,10,absolute_error,5,3.0,15,4630
0.2057362240289071,0.9926650366748166,0.0,10,squared_error,5,2.5,11,2776
0.2421710328214392,0.4229828850855746,1.0,10,squared_error,5,2.75,19,3113
0.1302318578741344,0.8767027593433461,0.0,70,squared_error,5,1.75,20,6716
0.1927883167720567,0.9081383164512749,0.0,80,squared_error,5,2.25,10,1616
