Culture,Criticality,Criticality Modifier,Initial Known,Inter-Dependency,Dynamism,Size,Plan,Team Size,Cost-,Score-,Idle-,_source_row
0.1542526396744538,0.0295919193790682,0.43446082871975,0.3340056030983249,0.9629931904594348,0.11055202805556,0.4706737711519575,0.461546413458618,0.0424612613913677,0.054977288,0.000424119,0.545454545,12652
0.2369449842325561,0.1192387433890197,0.4885159829480776,0.5615899042564555,0.220999470536417,0.0161076160727863,0.2336242914200562,0.562741071936866,0.9868967891362188,0.045970297,0.017059937,0.0,15665
0.1398260831836173,0.1767603813616987,0.2808148204819761,0.9574383195565556,0.1491822003997021,0.0248328767196007,0.3677689534671342,0.75816912957613,0.3600546049511239,0.080362934,0.004607009,0.0,16151
0.4645218505049725,0.0001374900255202,0.5109478038450374,0.3498692210683644,0.3345815387393041,0.0298925264985625,0.1618935905549832,0.5855264894887191,0.9706450348342152,0.045241617,0.084095348,0.4,14793
0.703320126163531,0.2242035441805204,0.3672289332601218,0.433662966960217,0.1396592717104657,0.1179311199724468,0.1980655520417013,0.2786261351952185,0.3388959711149479,0.028499726,0.152048382,0.0,2446
