Culture,Criticality,Criticality Modifier,Initial Known,Inter-Dependency,Dynamism,Size,Plan,Team Size,Cost-,Score-,Idle-,_source_row
0.2061456528031269,0.2091319102106205,0.0693637395642901,0.9556025301457494,0.4622471066199132,0.8075165464324675,0.2012389725856189,0.6707008703557008,0.2993222800436292,0.025391793,0.195107183,0.0,14430
0.2123265195129422,0.2921953101198348,0.1821142179040394,0.9657836357975343,0.7291542817338756,0.0047817015942559,0.0447170115387741,0.0711852216192477,0.433414431374316,0.047528022,0.004922484,0.0,9466
0.1141287600816156,0.3375443200978328,0.0403363097729655,0.3381299611410955,0.8639684512148971,0.0166090346180761,0.0835206100723726,0.4766697880979204,0.341302120291801,0.039053001,0.038587275,0.441176471,13647
0.0331803637091713,0.5201697232908926,0.2210379279080162,0.7554112328191964,0.1686276406875249,0.000860117933402,0.0421670611187662,0.4637590398926133,0.1268428869022041,0.07421745,0.002511216,0.0,11149
0.2546465370237655,0.24343336002527,0.0429663631253517,0.8141661150904352,0.5390624069758619,0.1590812732345986,0.1384009065017789,0.1990240341297571,0.0282053651605077,0.033460964,0.109272846,0.0,17763
0.1616906840350594,0.2058286686514222,0.095479053199646,0.2279221584397652,0.426802310021138,0.0038013851807889,0.1481996278668557,0.447286419887776,0.0919040608410161,0.034451816,0.032906096,0.588235294,15487
0.2112306516020103,0.2171309201303843,0.2459387898244691,0.2682749416980302,0.6542328427696826,0.1062804136794607,0.1891828567006036,0.853333682056015,0.1834781883905696,0.041283978,0.07115914,0.0,12586
0.0156364763454781,0.4560242733657595,0.0140530478947189,0.7542722114134353,0.4586554720631414,0.1591902209212333,0.0186249379961184,0.1532287158424107,0.1722835144668413,0.031829358,0.03923607,0.089285714,7644
