MRE-,ACC+,PRED40+,N_estimators,criterion,Min_sample_leaves,Min_impurity_decrease,Max_depth,_source_row
0.0981591413323739,0.9337162000478584,0.6666666666666666,80,squared_error,1,0.75,16,3962
0.1217245307909096,0.973917205072984,0.3333333333333333,30,squared_error,1,1.0,2,7287
0.0791509264256161,0.9133764058387176,0.3333333333333333,90,squared_error,1,0.75,19,493
0.0600227858727588,0.8092845178272314,0.6666666666666666,30,squared_error,2,0.75,10,8200
0.0823889188703004,0.8688681502751855,0.6666666666666666,30,squared_error,2,0.5,7,2295
0.07627271091923,0.8504426896386695,1.0,150,absolute_error,1,0.25,8,1139
0.1596809977813755,1.0,0.3333333333333333,30,squared_error,2,1.75,6,9375
0.0,0.7987556831777938,0.6666666666666666,100,absolute_error,1,0.25,7,5016
