MRE-,ACC+,PRED40+,N_estimators,criterion,Min_sample_leaves,Min_impurity_decrease,Max_depth,_source_row
0.4743295019157089,0.7845373891001267,0.4999999999999999,100,absolute_error,1,0.0,8,193
0.1360153256704982,0.6894803548795945,0.7499999999999999,110,absolute_error,1,0.0,19,2078
0.2758620689655173,0.7427122940430925,0.7499999999999999,120,absolute_error,2,0.0,19,4907
0.4195402298850575,0.7820025348542459,0.7499999999999999,150,absolute_error,1,0.0,20,2675
