MRE-,ACC+,PRED40+,N_estimators,criterion,Min_sample_leaves,Min_impurity_decrease,Max_depth,_source_row
0.2007662835249042,0.8688212927756654,0.4999999999999999,140,squared_error,1,0.0,17,181
0.2547892720306515,0.8719898605830164,0.7499999999999999,10,squared_error,3,0.0,15,9514
0.0666666666666667,0.7446134347275031,1.0,30,squared_error,2,0.5,13,573
