MRE-,ACC+,PRED40+,N_estimators,criterion,Min_sample_leaves,Min_impurity_decrease,Max_depth,_source_row
0.2061302681992338,0.20595690747782,0.0,70,absolute_error,9,1.5,9,9213
0.4632183908045978,0.6089987325728771,0.7499999999999999,70,absolute_error,3,0.0,11,668
0.4743295019157089,0.7845373891001267,0.4999999999999999,100,absolute_error,1,0.0,8,193
0.2272030651340996,0.3339670468948035,0.0,110,absolute_error,4,0.5,8,6666
0.3072796934865901,0.5551330798479087,0.7499999999999999,100,poisson,3,0.0,10,6199
0.2636015325670499,0.4854245880861849,0.4999999999999999,100,absolute_error,4,0.0,10,8808
0.213793103448276,0.2845373891001266,0.25,50,absolute_error,2,0.75,12,5491
0.4655172413793105,0.7458808618504437,0.4999999999999999,90,poisson,2,0.0,12,270
0.2429118773946361,0.4854245880861849,0.25,120,absolute_error,5,0.0,14,422
