MRE-,ACC+,PRED40+,N_estimators,criterion,Min_sample_leaves,Min_impurity_decrease,Max_depth,_source_row
0.2444444444444445,0.2870722433460075,0.25,110,absolute_error,1,0.75,17,9962
0.2758620689655173,0.7427122940430925,0.7499999999999999,120,absolute_error,2,0.0,19,4907
0.2444444444444445,0.2135614702154626,0.4999999999999999,10,absolute_error,13,1.25,2,7871
0.2061302681992338,0.20595690747782,0.0,20,absolute_error,19,6.5,6,1609
