MRE-,ACC+,PRED40+,N_estimators,criterion,Min_sample_leaves,Min_impurity_decrease,Max_depth,_source_row
0.2689655172413794,0.3891001267427122,0.25,70,absolute_error,1,0.5,14,8760
0.231800766283525,0.2591888466413181,0.0,60,absolute_error,2,0.75,3,8510
0.2444444444444445,0.2135614702154626,0.4999999999999999,10,absolute_error,13,1.25,2,7871
0.203065134099617,0.2040557667934093,0.0,60,absolute_error,17,3.0,16,3902
0.2758620689655173,0.7427122940430925,0.7499999999999999,120,absolute_error,2,0.0,19,4907
