Culture,Criticality,Criticality Modifier,Initial Known,Inter-Dependency,Dynamism,Size,Plan,Team Size,Cost-,Score-,Idle-,_source_row
0.1877854101038861,0.218316721291599,0.9140023715557364,0.7593194776302272,0.0695937837906832,0.3479355825519592,0.2327058801995274,0.1214942076018433,0.337648429102018,0.084982726,0.0,0.0,8840
0.1398260831836173,0.1767603813616987,0.2808148204819761,0.9574383195565556,0.1491822003997021,0.0248328767196007,0.3677689534671342,0.75816912957613,0.3600546049511239,0.080362934,0.004607009,0.0,16151
0.3467263958034684,0.0313566923401281,0.18150355487622,0.4593887946806277,0.2411548658056166,0.0501276549710262,0.1996842647169385,0.0533467455204452,0.673761587325445,0.037695515,0.146343732,0.675,8699
0.3550861926192602,0.0334373861349562,0.6432816539956949,0.8221720844445687,0.0942173864780039,0.039431429249288,0.2733497377938712,0.2739051488024656,0.4281357201573377,0.0397612,0.028070453,0.0,10141
0.3265887152823502,0.0495488487106121,0.8482635509725448,0.8323796839778396,0.2569490562456961,0.7103761012743603,0.0815018332509127,0.0962764505869658,0.5170922523447796,0.03934427,0.677771881,0.6,8810
