No_mbtree,No_asm,No_cabac,No_scenecut,Aq_strength,Bframes,Qcomp,Qp,Ref,Rc_lookahead,B_bias,Threads,Keyint,Crf,Scenecut,Seek,Ipratio,PSNR-,Energy-,_source_row
0,0,0,0,1.0,23,8.0,40,3,176,57,30,405,362000000000000.0,3,1168,16.0,56.577,50.16666667,47749
0,0,1,0,1.5,23,0.1,3,1,9,-3,85,92,45.0,66,558,0.3,26.094,618.0,3219
0,0,0,0,4.0,25,1.0,49,7,173,61,100,818,390000000000000.0,33,1161,1.0,30.163,50.98333333,47848
0,0,0,0,5.0,16,6.0,11,2,241,1,74,368,482000000000000.0,84,1190,11.0,79.928,49.66666667,47870
0,0,0,0,15.0,1,1.0,9,9,140,-12,76,421,449000000000000.0,75,1216,8.0,86.371,0.0,47984
0,0,0,0,1.0,5,2.0,41,6,249,-78,121,634,350000000000000.0,59,1001,0.0,28.085,306.8857143,47776
0,0,0,0,6.0,7,1.0,46,6,219,-48,48,873,427000000000000.0,17,1203,9.0,51.224,50.58333333,48013
0,0,0,1,1.5,23,0.1,3,1,9,-3,85,92,45.0,66,558,0.3,26.328,575.8194444,3198
0,1,0,0,1.5,23,0.1,3,1,9,-3,85,92,45.0,66,558,0.3,25.985,1845.666667,3174
