Culture,Criticality,Criticality Modifier,Initial Known,Inter-Dependency,Dynamism,Size,Plan,Team Size,Cost-,Score-,Idle-,_source_row
0.1087175828914877,0.6164495552240947,0.1644987555221442,0.7893735997280793,0.5854189675931455,0.0080635149119457,0.511266508629683,0.888355348580236,0.7403324492732061,0.200612293,0.687982809,0.0,15918
0.3689735462955786,0.396227496136186,0.0734695076720816,0.8156582509450819,0.6862570066573739,0.3443984349169613,0.151554586554716,0.8820186279300603,0.7595511268681097,0.121167817,0.819839777,0.154714938,11639
0.7163756065750342,0.5605210637375829,0.0891653243331589,0.8479209887035646,0.5775043788276056,0.2120730567474902,0.17692640561534,0.8505837852371072,0.9942308656797532,0.144155326,0.718984796,0.0,16256
0.1943937801888908,0.5446758011602257,0.5052253784959458,0.7306986029994692,0.7064020669251233,0.0907607756375984,0.4933757617326917,0.8458210235684939,0.96659551237269,0.251093258,0.651624975,0.017067759,19035
