MRE-,ACC+,PRED40+,N_estimators,criterion,Min_sample_leaves,Min_impurity_decrease,Max_depth,_source_row
0.7650461153665781,0.9751282623243364,0.5714285714285713,10,absolute_error,1,5.0,10,22
0.242301078630608,0.8844523756413116,0.8571428571428571,20,poisson,20,3.5,8,19
0.2326090354853837,0.8828909212580861,0.8571428571428571,10,squared_error,18,6.0,15,12
0.1972799749882758,0.9277269685478476,0.7142857142857143,20,poisson,8,8.25,19,1
0.138815069563858,0.8720722730314522,0.7142857142857143,10,squared_error,5,4.0,15,36
0.0,0.8233325897836271,1.0,40,squared_error,2,4.25,9,37
0.3470376739096452,0.967209457952264,0.5714285714285713,20,poisson,9,8.25,8,27
0.2341722682507425,0.8836716484496989,0.8571428571428571,10,poisson,20,9.5,4,28
