MRE-,ACC+,PRED40+,N_estimators,criterion,Min_sample_leaves,Min_impurity_decrease,Max_depth,_source_row
0.2344849148038142,0.8836716484496989,0.8571428571428571,20,poisson,19,1.5,15,11
0.1713303110833203,0.8108409547178229,0.7142857142857143,30,poisson,2,2.75,6,29
0.2454275441613256,0.8847869730091457,0.7142857142857143,20,squared_error,18,3.5,7,21
0.3764264498983898,0.9475797457060006,0.5714285714285713,70,poisson,10,1.25,3,31
0.2666875097702048,0.8870176221280393,0.7142857142857143,10,poisson,19,2.0,18,33
0.2895107081444427,0.8894713361588222,0.7142857142857143,30,poisson,19,5.75,3,25
0.242301078630608,0.8844523756413116,0.8571428571428571,20,poisson,20,3.5,8,19
