MRE-,ACC+,PRED40+,N_estimators,criterion,Min_sample_leaves,Min_impurity_decrease,Max_depth,_source_row
0.3470376739096452,0.967209457952264,0.5714285714285713,20,poisson,9,8.25,8,27
0.7650461153665781,0.9751282623243364,0.5714285714285713,10,absolute_error,1,5.0,10,22
0.2630920744098796,0.9287307606513496,0.7142857142857143,10,squared_error,12,8.0,9,4
0.2326090354853837,0.8828909212580861,0.8571428571428571,10,squared_error,18,6.0,15,12
0.0,0.8233325897836271,1.0,40,squared_error,2,4.25,9,37
0.1972799749882758,0.9277269685478476,0.7142857142857143,20,poisson,8,8.25,19,1
