twoPass,quality,bestQuality,goodQuality,rtQuality,constantBitrate,autoAltRef,noAltRef,allowResize,columnTiling,rowTiling,Threads,ArnrMaxFrames,ArnrStrength,Performance-,Cpu-,_source_row
0,1,0,1,0,0,0,0,0,1,1,1,0,0,45909.6,4.53087,43
0,1,0,1,0,1,0,0,1,0,0,4,15,3,50877.8,3.984227,32
1,1,0,1,0,0,1,0,1,0,1,8,5,6,89266.4,3.68248,55
1,1,1,0,0,0,1,0,1,0,1,4,5,6,184816.2,3.421049,70
1,1,0,1,0,1,1,0,1,0,1,4,0,3,79617.2,3.892177,29
1,1,0,1,0,1,0,1,1,0,1,4,0,0,66458.0,3.968182,25
0,1,0,1,0,0,0,0,0,0,1,4,0,3,45990.2,4.263546,38
1,1,0,1,0,1,0,1,1,1,0,8,0,0,40559.2,6.727622,10
0,1,0,1,0,0,0,0,1,1,1,4,5,6,28578.0,7.372734,9
