twoPass,quality,bestQuality,goodQuality,rtQuality,constantBitrate,autoAltRef,noAltRef,allowResize,columnTiling,rowTiling,Threads,ArnrMaxFrames,ArnrStrength,Performance-,Cpu-,_source_row
0,1,0,1,0,0,0,0,1,1,0,8,0,3,28470.8,7.510961,26
1,1,0,1,0,1,0,1,0,1,1,2,0,0,40601.6,6.555854,41
0,1,0,1,0,0,0,0,0,1,1,1,0,0,45909.6,4.53087,43
0,1,0,1,0,1,0,0,0,1,1,1,0,3,50370.4,4.2884,77
1,1,0,1,0,1,0,1,0,1,0,1,0,0,65902.6,3.995669,76
1,1,0,1,0,1,1,0,0,0,1,4,0,3,79777.0,3.818269,0
1,1,0,1,0,1,1,0,0,0,0,1,15,3,89601.2,3.736404,3
1,1,1,0,0,0,1,0,0,0,1,8,0,3,168291.2,3.435225,36
