twoPass,quality,bestQuality,goodQuality,rtQuality,constantBitrate,autoAltRef,noAltRef,allowResize,columnTiling,rowTiling,Threads,ArnrMaxFrames,ArnrStrength,Performance-,Cpu-,_source_row
0,1,0,1,0,0,0,0,0,1,1,1,0,0,45909.6,4.53087,43
0,1,0,1,0,1,0,0,0,0,1,8,0,0,50508.2,3.840792,6
0,1,0,1,0,0,0,0,1,1,0,8,0,3,28470.8,7.510961,26
1,1,0,1,0,0,1,0,1,0,1,8,5,6,89266.4,3.68248,55
0,1,0,1,0,0,0,0,0,0,1,4,0,3,45990.2,4.263546,38
1,1,0,1,0,1,1,0,0,0,1,4,0,3,79777.0,3.818269,0
1,1,0,1,0,1,0,1,1,1,0,8,0,0,40559.2,6.727622,10
1,1,1,0,0,0,1,0,1,0,1,4,5,6,184816.2,3.421049,70
