Culture,Criticality,Criticality Modifier,Initial Known,Inter-Dependency,Dynamism,Size,Plan,Team Size,Cost-,Score-,Idle-,_source_row,_source_algorithm,_source_file,_runtime_sec
0.0754756246744132,0.0751205813584808,0.9219660735922616,0.8576537289706072,0.7632755785006167,0.7017810888998475,0.0445664856375512,0.1584494455155581,0.4944361614484905,0.045673199,0.0,0.0,29,NSGA3,outputs\NSGA3\pom3b.csv,0.07624626159667969
0.0751279124554481,0.0010098692980942,0.4107240080904262,0.5296237930506493,0.8938869529127088,0.62641973964849,0.0751789182186715,0.0382359719511424,0.3981000548709398,0.00533627,0.493399963,0.0,31,RNSGA3,outputs\RNSGA3\pom3b.csv,0.07624626159667969
0.6848914057030752,0.0922679624636766,0.7892650232257662,0.7028443417073118,0.1577422173743432,0.1345237744542646,0.1217153440954972,0.2221032890510427,0.3008675548057395,0.021242901,0.122987047,0.5,23,NSGA2,outputs\NSGA2\pom3b.csv,0.07624626159667969
