Culture,Criticality,Criticality Modifier,Initial Known,Inter-Dependency,Dynamism,Size,Plan,Team Size,Cost-,Score-,Idle-,_source_row,_source_algorithm,_source_file,_runtime_sec
0.2425503226368627,0.7479280499650953,0.6700280806067214,0.9877484900784984,0.8448553135358127,0.1217355933080654,0.310157344040626,0.3691406513450299,0.5971702882245775,0.377275041,0.58457141,0.114187839,132,RVEA,outputs\RVEA\pom3c.csv,0.07671833038330078
0.0267684080291761,0.0891411005311408,0.0963997452919277,0.0681063666817823,0.1898919460379518,0.0836441124065474,0.1287663794448068,0.2050459723138408,0.9023986621505004,0.10584583,0.535220842,0.894087991,16,AGEMOEA2,outputs\AGEMOEA2\pom3c.csv,0.07671833038330078
0.9643130199520908,0.0462870081986919,0.0284359627544615,0.4677314377766259,0.6749429761917765,0.4936618830935163,0.3146701553581615,0.6293917999951325,0.5824716579882496,0.073893247,0.956076239,0.010240655,35,CTAEA,outputs\CTAEA\pom3c.csv,0.07671833038330078
