No_mbtree,No_asm,No_cabac,No_scenecut,Aq_strength,Bframes,Qcomp,Qp,Ref,Rc_lookahead,B_bias,Threads,Keyint,Crf,Scenecut,Seek,Ipratio,PSNR-,Energy-,_source_row,_source_algorithm,_source_file,_runtime_sec
0,0,0,0,11.0,20,5.0,32,3,130,32,57,232,420000000000000.0,98,1155,1.0,44.637,47.8,31,NSGA3,outputs\NSGA3\SS-N.csv,0.07031559944152832
0,0,0,0,4.0,25,1.0,49,7,173,61,100,818,390000000000000.0,33,1161,1.0,30.163,50.98333333,10,AGEMOEA2,outputs\AGEMOEA2\SS-N.csv,0.07031559944152832
0,0,0,0,9.0,19,6.0,44,6,75,65,26,160,414000000000000.0,60,1076,0.0,26.059,101.4888889,1,AGEMOEA,outputs\AGEMOEA\SS-N.csv,0.07031559944152832
0,0,0,0,1.0,19,8.0,31,4,26,90,38,700,279000000000000.0,45,1241,1.0,81.936,0.0,29,NSGA3,outputs\NSGA3\SS-N.csv,0.07031559944152832
0,1,0,0,1.5,23,0.1,3,1,9,-3,85,92,45.0,66,558,0.3,25.985,1845.666667,16,AGEMOEA2,outputs\AGEMOEA2\SS-N.csv,0.07031559944152832
