Culture,Criticality,Criticality Modifier,Initial Known,Inter-Dependency,Dynamism,Size,Plan,Team Size,Cost-,Score-,Idle-,_source_row
0.1006760118079463,0.1543921341337485,0.1540608102732261,0.9244733270220192,0.4569152667982522,0.1692143334609216,0.1231701017039549,0.5110261469726327,0.143656863853376,0.100092563,0.587590306,0.016291952,19
0.1487995064597127,0.2452029520059142,0.021743873246066,0.6444507707647633,0.3423074951182796,0.2969554442862221,0.3156277607377804,0.8934924111689493,0.3324819645437624,0.071804509,0.746074858,0.0,103
0.0272380978088111,0.0204060292408695,0.1540632225481029,0.5701104987105274,0.7701818711976283,0.0300089049452125,0.11323450531271,0.7854735739903093,0.4300314461930564,0.097768187,0.622153605,0.01204783,33
