MRE-,ACC+,PRED40+,N_estimators,criterion,Min_sample_leaves,Min_impurity_decrease,Max_depth,_source_row
0.1379970544918998,0.8926626081384171,1.0,80,poisson,1,1.75,3,17
0.080265096,0.793335469,0.8571428571428571,60,poisson,1,1.5,20,0
0.057437408,0.7026594040371675,0.8571428571428571,20,poisson,1,0.75,15,12
0.1237113402061855,0.7773149631528355,1.0,70,poisson,1,2.0,14,6
0.1197349042709867,0.7161166292854855,1.0,50,squared_error,1,2.0,14,14
0.1671575846833578,0.9311118231336112,1.0,140,poisson,1,3.5,13,13
0.1589101620029455,0.8949054790131368,1.0,120,poisson,1,3.25,14,9
