MRE-,ACC+,PRED40+,N_estimators,criterion,Min_sample_leaves,Min_impurity_decrease,Max_depth,_source_row
0.1139911634756995,0.8071131047741108,1.0,110,poisson,1,2.75,18,5
0.080265096,0.793335469,0.8571428571428571,60,poisson,1,1.5,20,0
0.1671575846833578,0.9311118231336112,1.0,140,poisson,1,3.5,13,13
