MRE-,ACC+,PRED40+,N_estimators,criterion,Min_sample_leaves,Min_impurity_decrease,Max_depth,_source_row
0.2108966626457579,0.5505099095632096,0.6666666666666666,10,poisson,3,10.0,15,6387
0.2798552472858868,0.961131421974216,1.0,50,squared_error,1,2.0,14,107
