MRE-,ACC+,PRED40+,N_estimators,criterion,Min_sample_leaves,Min_impurity_decrease,Max_depth,_source_row
0.2593486127864897,0.5351164133153743,0.6666666666666666,20,poisson,11,2.0,5,376
0.4163650985122638,0.6419087935347316,0.6666666666666666,50,poisson,1,0.75,14,4872
0.3556493767591476,0.5889936501827978,0.0,140,poisson,2,0.0,15,737
