MRE-,ACC+,PRED40+,N_estimators,criterion,Min_sample_leaves,Min_impurity_decrease,Max_depth,_source_row
0.1887816646562123,0.5535886088127767,0.0,120,absolute_error,2,0.0,19,4907
0.3978689183755528,0.6469116798152782,0.6666666666666666,110,squared_error,3,0.75,19,2490
0.453558504221954,0.817009813353858,1.0,50,poisson,2,0.25,20,8074
0.3751507840772015,0.6786607658264384,0.3333333333333333,90,poisson,2,0.0,12,270
0.2108966626457579,0.5505099095632096,0.6666666666666666,10,poisson,3,10.0,15,6387
0.4010856453558503,0.7321531652876659,1.0,30,squared_error,2,0.5,13,573
