MRE-,ACC+,PRED40+,N_estimators,criterion,Min_sample_leaves,Min_impurity_decrease,Max_depth,_source_row
0.8821764705882353,0.7908143573909687,0.8333333333333334,90,poisson,2,0.0,19,75
0.8172941176470588,0.8930914704747202,0.6666666666666669,140,poisson,2,0.0,15,93
0.6397058823529411,0.6727132381319954,0.0,120,absolute_error,4,0.0,9,78
0.612764705882353,0.1551524507912003,0.0,180,absolute_error,2,0.25,16,70
0.0,0.0,1.0,100,absolute_error,1,0.5,20,83
0.5899411764705883,0.0023157082207641,0.0,170,absolute_error,2,1.75,16,66
0.6439411764705882,0.9637205712080278,0.3333333333333334,190,absolute_error,3,0.0,3,84
0.784235294117647,0.807024314936318,0.5,120,poisson,3,0.0,3,68
