MRE-,ACC+,PRED40+,N_estimators,criterion,Min_sample_leaves,Min_impurity_decrease,Max_depth,_source_row
0.07627271091923,0.8504426896386695,1.0,150,absolute_error,1,0.25,8,10
0.0835881753312945,0.8597750658052166,0.6666666666666666,30,squared_error,1,1.5,13,1
0.1590214067278287,0.9346733668341708,0.3333333333333333,80,squared_error,2,0.75,14,9
0.0600227858727588,0.8092845178272314,0.6666666666666666,30,squared_error,2,0.75,10,5
0.1596809977813755,1.0,0.3333333333333333,30,squared_error,2,1.75,6,11
0.0981591413323739,0.9337162000478584,0.6666666666666666,80,squared_error,1,0.75,16,0
