MRE-,ACC+,PRED40+,N_estimators,criterion,Min_sample_leaves,Min_impurity_decrease,Max_depth,_source_row
0.0428602667832932,0.9625205315813052,0.8333333333333336,40,squared_error,5,6.75,15,12
0.034550623223267,0.8714349708824847,0.8333333333333336,10,squared_error,11,2.25,5,11
0.0721626940739121,0.978497834851426,0.8333333333333336,10,squared_error,3,9.5,15,8
0.0,0.8681499178736748,1.0,20,squared_error,9,1.25,9,5
0.2033675923901159,0.9183216365536808,1.0,40,squared_error,5,4.0,20,3
0.1771266127268751,0.989248917425713,0.8333333333333336,30,squared_error,4,2.5,6,2
