MRE-,ACC+,PRED40+,N_estimators,criterion,Min_sample_leaves,Min_impurity_decrease,Max_depth,_source_row
0.0428602667832932,0.9625205315813052,0.8333333333333336,40,squared_error,5,6.75,15,12
0.034550623223267,0.8714349708824847,0.8333333333333336,10,squared_error,11,2.25,5,11
0.0,0.8681499178736748,1.0,20,squared_error,9,1.25,9,5
0.3116116335009841,0.9699865611467824,0.8333333333333336,50,squared_error,4,1.25,12,34
0.2033675923901159,0.9183216365536808,1.0,40,squared_error,5,4.0,20,3
