MRE-,ACC+,PRED40+,N_estimators,criterion,Min_sample_leaves,Min_impurity_decrease,Max_depth,_source_row
0.0721626940739121,0.978497834851426,0.8333333333333336,10,squared_error,3,9.5,15,8
0.034550623223267,0.8714349708824847,0.8333333333333336,10,squared_error,11,2.25,5,11
0.0,0.8681499178736748,1.0,20,squared_error,9,1.25,9,5
