MRE-,ACC+,PRED40+,N_estimators,criterion,Min_sample_leaves,Min_impurity_decrease,Max_depth,_source_row
0.0391427946643341,0.8568015529341496,1.0,10,poisson,10,10.0,3,5449
0.140170566367811,0.9598327609377334,0.8333333333333336,30,squared_error,4,9.5,4,2514
0.1771266127268751,0.989248917425713,0.8333333333333336,30,squared_error,4,2.5,6,2465
0.2033675923901159,0.9183216365536808,1.0,40,squared_error,5,4.0,20,1036
0.0590422042422917,0.9356428251455876,0.8333333333333336,40,squared_error,5,9.25,7,488
