MRE-,ACC+,PRED40+,N_estimators,criterion,Min_sample_leaves,Min_impurity_decrease,Max_depth,_source_row
0.0,0.8681499178736748,1.0,20,squared_error,9,1.25,9,8389
0.3033019899409578,0.9813349260863072,0.6666666666666666,10,squared_error,5,9.0,11,282
0.2510387054450033,0.980140361355831,0.8333333333333336,30,squared_error,4,1.5,5,2513
0.2033675923901159,0.9183216365536808,1.0,40,squared_error,5,4.0,20,1036
0.0721626940739121,0.978497834851426,0.8333333333333336,10,squared_error,3,9.5,15,8672
0.0590422042422917,0.9356428251455876,0.8333333333333336,40,squared_error,5,9.25,7,488
