MRE-,ACC+,PRED40+,N_estimators,criterion,Min_sample_leaves,Min_impurity_decrease,Max_depth,_source_row
0.0636343756833588,0.9985067940869048,0.8333333333333336,10,squared_error,4,7.25,9,8652
0.0,0.8681499178736748,1.0,20,squared_error,9,1.25,9,8389
0.0590422042422917,0.9356428251455876,0.8333333333333336,40,squared_error,5,9.25,7,488
