MRE-,ACC+,PRED40+,N_estimators,criterion,Min_sample_leaves,Min_impurity_decrease,Max_depth,_source_row
0.0428602667832932,0.9625205315813052,0.8333333333333336,40,squared_error,5,6.75,15,4941
0.0100590422042423,0.8653128266387935,1.0,10,poisson,11,7.25,9,2953
0.034550623223267,0.8714349708824847,0.8333333333333336,10,squared_error,11,2.25,5,4417
