MRE-,ACC+,PRED40+,N_estimators,criterion,Min_sample_leaves,Min_impurity_decrease,Max_depth,_source_row
0.0481084627159414,0.8542631028818876,1.0,20,poisson,17,4.0,1,9747
0.034550623223267,0.8714349708824847,0.8333333333333336,10,squared_error,11,2.25,5,4417
0.0428602667832932,0.9625205315813052,0.8333333333333336,40,squared_error,5,6.75,15,4941
0.1771266127268751,0.989248917425713,0.8333333333333336,30,squared_error,4,2.5,6,2465
