MRE-,ACC+,PRED40+,N_estimators,criterion,Min_sample_leaves,Min_impurity_decrease,Max_depth,_source_row
0.1617148393347327,0.8678407577327217,1.0,100,absolute_error,6,7.5,10,3621
0.1331341837558534,0.9430220512061568,0.8333333333333334,20,absolute_error,7,7.5,15,2506
0.0617229129662522,0.9072073405357408,0.8333333333333334,10,absolute_error,5,5.5,18,6952
0.0134022283222993,0.8508213704306646,0.8333333333333334,20,absolute_error,7,4.75,14,9209
0.1784272565800096,1.0,0.6666666666666665,10,absolute_error,6,6.5,17,4675
0.1681737445502986,0.8999556015983425,1.0,50,absolute_error,5,4.5,17,2633
0.0319715808170515,0.9558975876868434,0.6666666666666665,10,absolute_error,9,6.25,16,7717
