MRE-,ACC+,PRED40+,N_estimators,criterion,Min_sample_leaves,Min_impurity_decrease,Max_depth,_source_row
0.1784272565800096,1.0,0.6666666666666665,10,absolute_error,6,6.5,17,4675
0.0,0.6172857777120024,1.0,10,absolute_error,3,6.5,10,2030
0.0319715808170515,0.9558975876868434,0.6666666666666665,10,absolute_error,9,6.25,16,7717
0.1320038753431293,0.9051354151250556,0.8333333333333334,30,absolute_error,7,7.75,14,736
0.1617148393347327,0.8678407577327217,1.0,100,absolute_error,6,7.5,10,3621
0.1331341837558534,0.9430220512061568,0.8333333333333334,20,absolute_error,7,7.5,15,2506
