MRE-,ACC+,PRED40+,N_estimators,criterion,Min_sample_leaves,Min_impurity_decrease,Max_depth,_source_row
0.0569594703697723,0.924078733165606,0.6666666666666665,10,absolute_error,8,4.5,5,8486
0.1438317455191344,0.8571851413349121,0.8333333333333334,40,absolute_error,6,8.25,4,1821
0.1444372678830938,0.8807162942134084,0.8333333333333334,10,absolute_error,10,3.75,5,1215
0.1617148393347327,0.8678407577327217,1.0,100,absolute_error,6,7.5,10,3621
0.2613838204424349,0.9442060085836912,0.1666666666666666,10,absolute_error,8,4.25,8,5359
