MRE-,ACC+,PRED40+,N_estimators,criterion,Min_sample_leaves,Min_impurity_decrease,Max_depth,_source_row
0.0862263846278055,0.9117951753736866,0.6666666666666665,20,absolute_error,6,7.5,17,4306
0.1617148393347327,0.8678407577327217,1.0,100,absolute_error,6,7.5,10,3621
0.1331341837558534,0.9430220512061568,0.8333333333333334,20,absolute_error,7,7.5,15,2506
0.0810996286129501,0.8382418232943615,0.8333333333333334,10,absolute_error,7,1.5,14,6672
0.1320038753431293,0.9051354151250556,0.8333333333333334,30,absolute_error,7,7.75,14,736
0.1784272565800096,1.0,0.6666666666666665,10,absolute_error,6,6.5,17,4675
