MRE-,ACC+,PRED40+,N_estimators,criterion,Min_sample_leaves,Min_impurity_decrease,Max_depth,_source_row
0.1182668469686725,0.7899880335061826,0.2499999999999999,40,absolute_error,4,2.5,12,3196
0.0006197881451431,0.6577582768248902,1.0,20,poisson,1,6.25,15,5531
0.001464953797611,0.6593538093338651,1.0,10,poisson,5,7.75,8,8555
