MRE-,ACC+,PRED40+,N_estimators,criterion,Min_sample_leaves,Min_impurity_decrease,Max_depth,_source_row
0.1291413116970926,0.7445153570003988,0.5000000000000001,30,absolute_error,3,1.0,5,1650
0.0002253775073248,0.658157159952134,1.0,10,squared_error,18,10.0,9,2212
0.376042370971377,0.7846031112883924,0.5000000000000001,10,poisson,2,2.25,18,8079
0.7719743069641648,0.899680893498205,0.5000000000000001,10,squared_error,1,2.0,18,1167
0.0702614379084967,0.7249700837654566,0.2499999999999999,10,absolute_error,6,4.0,2,194
0.1271692585080009,0.7708416433984842,0.2499999999999999,20,absolute_error,4,2.0,16,7966
0.5716137029524453,0.7919824491424011,0.5000000000000001,30,squared_error,1,1.0,2,7287
0.2155172413793103,0.7828081372157958,0.2499999999999999,30,absolute_error,2,2.5,3,1520
0.0096912328149651,0.666533705624252,0.75,10,squared_error,16,9.25,12,989
