MRE-,ACC+,PRED40+,N_estimators,criterion,Min_sample_leaves,Min_impurity_decrease,Max_depth,_source_row
0.0,1.0,0.75,20,absolute_error,6,0.0,8,125
0.0,0.9821931935372982,0.8333333333333335,100,absolute_error,4,0.25,19,35
0.0,0.9625300790649708,0.8333333333333335,40,absolute_error,7,0.0,14,124
0.0,0.9166723960123754,0.9166666666666664,110,absolute_error,2,0.25,17,43
0.0,0.6875214850464078,1.0,90,absolute_error,18,2.5,17,18
0.8703973220783002,0.6250257820556893,0.0,90,poisson,15,3.75,19,118
0.7904962887498181,0.8034376074252321,0.0,90,poisson,2,0.0,19,120
0.7562945713869889,0.9289790305947062,0.3333333333333332,70,absolute_error,3,0.0,11,122
