MRE-,ACC+,PRED40+,N_estimators,criterion,Min_sample_leaves,Min_impurity_decrease,Max_depth,_source_row
0.2197973499610288,0.8196862239415431,0.5000000000000007,60,squared_error,1,7.0,16,2839
0.0759937646141854,0.7726198151730067,1.0,150,squared_error,1,3.25,15,4882
0.093530787217459,0.8171072426391576,1.0,130,squared_error,1,1.75,14,8304
