MRE-,ACC+,PRED40+,N_estimators,criterion,Min_sample_leaves,Min_impurity_decrease,Max_depth,_source_row
0.2197973499610288,0.8196862239415431,0.5000000000000007,60,squared_error,1,7.0,16,2839
0.093530787217459,0.8171072426391576,1.0,130,squared_error,1,1.75,14,8304
0.058846453624318,0.799699118848055,1.0,180,squared_error,1,5.25,13,9348
0.049103663289166,0.644100580270793,1.0,20,poisson,3,0.25,17,9976
