Culture,Criticality,Criticality Modifier,Initial Known,Inter-Dependency,Dynamism,Size,Plan,Team Size,Cost-,Score-,Idle-,_source_row,_source_algorithm,_source_file,_runtime_sec
0.0754756246744132,0.0751205813584808,0.9219660735922616,0.8576537289706072,0.7632755785006167,0.7017810888998475,0.0445664856375512,0.1584494455155581,0.4944361614484905,0.045673199,0.0,0.0,29,NSGA3,outputs\NSGA3\pom3b.csv,0.6708846092224121
0.3550861926192602,0.0334373861349562,0.6432816539956949,0.8221720844445687,0.0942173864780039,0.039431429249288,0.2733497377938712,0.2739051488024656,0.4281357201573377,0.0397612,0.028070453,0.0,15,AGEMOEA2,outputs\AGEMOEA2\pom3b.csv,0.6708846092224121
0.703320126163531,0.2242035441805204,0.3672289332601218,0.433662966960217,0.1396592717104657,0.1179311199724468,0.1980655520417013,0.2786261351952185,0.3388959711149479,0.028499726,0.152048382,0.0,21,CTAEA,outputs\CTAEA\pom3b.csv,0.6708846092224121
