No_mbtree,No_asm,No_cabac,No_scenecut,Aq_strength,Bframes,Qcomp,Qp,Ref,Rc_lookahead,B_bias,Threads,Keyint,Crf,Scenecut,Seek,Ipratio,PSNR-,Energy-,_source_row,_source_algorithm,_source_file,_runtime_sec
0,0,0,0,5.0,16,6.0,11,2,241,1,74,368,482000000000000.0,84,1190,11.0,79.928,49.66666667,4,AGEMOEA,outputs\AGEMOEA\SS-N.csv,0.10174870491027832
0,0,0,0,12.0,2,6.0,37,5,194,15,52,277,267000000000000.0,76,1179,14.0,61.471,51.08333333,0,AGEMOEA,outputs\AGEMOEA\SS-N.csv,0.10174870491027832
0,0,0,0,14.0,16,5.0,43,8,173,-84,128,532,175.0,70,1156,1.0,35.033,103.2888889,43,RVEA,outputs\RVEA\SS-N.csv,0.10174870491027832
0,1,0,0,1.5,23,0.1,3,1,9,-3,85,92,45.0,66,558,0.3,25.985,1845.666667,16,AGEMOEA2,outputs\AGEMOEA2\SS-N.csv,0.10174870491027832
