MRE-,ACC+,PRED40+,N_estimators,criterion,Min_sample_leaves,Min_impurity_decrease,Max_depth,_source_row
0.0,0.8689793577981653,0.9285714285714288,110,absolute_error,5,0.0,8,103
0.0,0.9039564220183488,0.8571428571428572,70,absolute_error,3,0.0,11,133
0.0,0.8560779816513763,1.0,110,absolute_error,2,9.5,3,111
