MRE-,ACC+,PRED40+,N_estimators,criterion,Min_sample_leaves,Min_impurity_decrease,Max_depth,_source_row
0.0225943797899517,0.972075962846832,1.0,20,poisson,13,4.75,10,8424
0.0307692307692307,0.9726084127078034,1.0,20,poisson,12,8.25,15,3916
