MRE-,ACC+,PRED40+,N_estimators,criterion,Min_sample_leaves,Min_impurity_decrease,Max_depth,_source_row
0.0221969912006812,0.982310832396616,0.8888888888888887,190,absolute_error,1,2.5,18,7740
0.0321317059324439,0.9727267348991304,1.0,10,poisson,18,3.75,10,6308
0.0447913709906329,0.9735549902384194,1.0,20,squared_error,14,4.25,18,1727
0.0117513482827135,0.9700644855942734,1.0,20,poisson,13,4.0,1,1459
0.0241271643485665,0.9721351239424956,1.0,10,poisson,17,9.25,17,9165
