MRE-,ACC+,PRED40+,N_estimators,criterion,Min_sample_leaves,Min_impurity_decrease,Max_depth,_source_row
0.0760147601476014,0.9747973732473526,0.8888888888888887,10,poisson,12,7.25,3,1375
0.0117513482827135,0.9700644855942734,1.0,20,poisson,13,4.0,1,1459
0.0527391427760431,0.9743832455777082,0.8888888888888887,20,poisson,16,9.75,9,6309
