MRE-,ACC+,PRED40+,N_estimators,criterion,Min_sample_leaves,Min_impurity_decrease,Max_depth,_source_row
0.0,0.7742812742812744,1.0,10,squared_error,2,7.0,16,1186
0.1945482866043614,0.9708624708624708,0.8000000000000002,10,squared_error,1,0.0,16,2649
0.1669781931464174,0.8593628593628595,0.8000000000000002,20,squared_error,1,4.75,16,7395
