MRE-,ACC+,PRED40+,N_estimators,criterion,Min_sample_leaves,Min_impurity_decrease,Max_depth,_source_row
0.1088785046728972,0.7090132090132091,0.8000000000000002,30,absolute_error,2,2.5,3,1520
0.0990654205607476,0.6317016317016318,0.8000000000000002,40,absolute_error,13,4.75,15,3108
0.0369158878504672,0.5625485625485626,0.8000000000000002,20,absolute_error,2,3.75,13,8012
0.0341121495327102,0.4743589743589744,0.8000000000000002,30,poisson,7,4.75,15,8528
0.0512461059190031,0.5108780108780109,1.0,20,poisson,1,0.75,15,963
0.038785046728972,0.466977466977467,1.0,10,poisson,6,3.25,2,5244
0.0742990654205608,0.5718725718725719,0.8000000000000002,10,absolute_error,1,3.75,14,7021
