MRE-,ACC+,PRED40+,N_estimators,criterion,Min_sample_leaves,Min_impurity_decrease,Max_depth,_source_row
0.0742990654205608,0.5718725718725719,0.8000000000000002,10,absolute_error,1,3.75,14,7021
0.147196261682243,0.724941724941725,0.6000000000000001,30,absolute_error,2,0.75,15,7774
0.0369158878504672,0.5625485625485626,0.8000000000000002,20,absolute_error,2,3.75,13,8012
0.1538940809968848,0.6425796425796426,0.8000000000000002,110,absolute_error,2,4.0,14,3156
0.0448598130841121,0.5695415695415695,1.0,10,absolute_error,3,4.5,1,7440
0.0339563862928348,0.4747474747474747,0.8000000000000002,30,poisson,17,1.5,7,5775
0.10202492211838,0.6336441336441336,0.8000000000000002,10,absolute_error,1,6.5,15,9273
0.1669781931464174,0.8593628593628595,0.8000000000000002,20,squared_error,1,4.75,16,7395
0.0375389408099688,0.4689199689199689,1.0,100,poisson,19,5.5,1,6046
