MRE-,ACC+,PRED40+,N_estimators,criterion,Min_sample_leaves,Min_impurity_decrease,Max_depth,_source_row
0.1791277258566978,0.7882672882672883,0.4000000000000001,50,squared_error,1,6.25,14,834
0.0,0.7742812742812744,1.0,10,squared_error,2,7.0,16,1186
0.2386292834890966,0.8337218337218338,0.6000000000000001,90,squared_error,1,9.5,5,8907
0.2489096573208722,0.8348873348873349,0.4000000000000001,50,squared_error,1,6.25,5,8207
0.32196261682243,1.0,0.4000000000000001,10,squared_error,1,6.75,5,31
0.3809968847352025,0.8449883449883451,0.6000000000000001,70,squared_error,2,6.75,17,3796
