MRE-,ACC+,PRED40+,N_estimators,criterion,Min_sample_leaves,Min_impurity_decrease,Max_depth,_source_row
0.6503488234598558,0.9192399049881236,0.3999999999999999,10,squared_error,1,0.0,16,10
0.59418233416105,0.5273159144893113,0.3,100,absolute_error,1,0.25,19,36
0.0,0.5231591448931117,1.0,30,absolute_error,2,0.75,15,13
