MRE-,ACC+,PRED40+,N_estimators,criterion,Min_sample_leaves,Min_impurity_decrease,Max_depth,_source_row
0.0,0.5231591448931117,1.0,20,absolute_error,13,1.75,13,23
0.59418233416105,0.5273159144893113,0.3,100,absolute_error,1,0.25,19,36
0.9425919356745892,0.1692399049881235,0.0,30,poisson,9,0.5,18,34
0.6938630720113516,0.7363420427553444,0.0999999999999999,90,poisson,2,0.0,19,35
0.6503488234598558,0.9192399049881236,0.3999999999999999,10,squared_error,1,0.0,16,10
