MRE-,ACC+,PRED40+,N_estimators,criterion,Min_sample_leaves,Min_impurity_decrease,Max_depth,_source_row
0.0,0.5231591448931117,1.0,100,absolute_error,9,5.25,8,29
0.6207875133025896,0.5629453681710214,0.3,20,absolute_error,10,0.0,17,11
0.6503488234598558,0.9192399049881236,0.3999999999999999,10,squared_error,1,0.0,16,10
