Culture,Criticality,Criticality Modifier,Initial Known,Inter-Dependency,Dynamism,Size,Plan,Team Size,Cost-,Score-,Idle-,_source_row
0.2061456528031269,0.2091319102106205,0.0693637395642901,0.9556025301457494,0.4622471066199132,0.8075165464324675,0.2012389725856189,0.6707008703557008,0.2993222800436292,0.025391793,0.195107183,0.0,10
0.753789809937366,0.4000722295775853,0.0182966476776124,0.663966520717408,0.8032427472167286,0.1000033190702729,0.0014723369519117,0.5121116135643378,0.4216784232842083,0.033385425,0.182087581,0.0,74
0.2065424214400727,0.1590079419224197,0.045708919991196,0.3640669581306021,0.088623430155218,0.2258629748309251,0.2219112356613756,0.2960214115250135,0.1336748992522921,0.017653818,0.251775814,0.357142857,2
0.1671927537419185,0.0298100019321261,0.0265809021832776,0.3478971740731299,0.5126543675551949,0.7852683026749623,0.1631935276956656,0.2219843297644933,0.0506644718269464,0.034187577,0.0,0.0,73
0.290737966260122,0.5781018789422292,0.0065456093768243,0.8087969852315466,0.2950297697637216,0.193220429155678,0.2495188955092137,0.9047988823958614,0.1212545878360236,0.026505293,0.162157622,0.454545455,3
