Culture,Criticality,Criticality Modifier,Initial Known,Inter-Dependency,Dynamism,Size,Plan,Team Size,Cost-,Score-,Idle-,_source_row
0.1671927537419185,0.0298100019321261,0.0265809021832776,0.3478971740731299,0.5126543675551949,0.7852683026749623,0.1631935276956656,0.2219843297644933,0.0506644718269464,0.034187577,0.0,0.0,73
