MRE-,ACC+,PRED40+,N_estimators,criterion,Min_sample_leaves,Min_impurity_decrease,Max_depth,_source_row
0.0,0.9689339538324035,1.0,40,absolute_error,3,3.75,15,8111
0.0,0.9689339538324035,1.0,30,absolute_error,7,3.5,19,1124
0.0,0.9689339538324035,1.0,20,absolute_error,8,4.0,14,4217
0.0,0.9689339538324035,1.0,30,absolute_error,3,7.75,14,7713
0.0,0.9689339538324035,1.0,20,absolute_error,9,8.0,7,8790
0.0,0.9689339538324035,1.0,10,absolute_error,5,3.0,15,4630
0.0,0.9689339538324035,1.0,10,absolute_error,9,2.75,14,5380
