MRE-,ACC+,PRED40+,N_estimators,criterion,Min_sample_leaves,Min_impurity_decrease,Max_depth,_source_row
0.0,0.9689339538324035,1.0,30,absolute_error,20,1.5,12,6808
0.3035248041775457,1.0,0.0,40,absolute_error,7,0.0,14,905
0.2676240208877284,0.9623694024100842,0.1818181818181818,40,absolute_error,6,0.25,9,7277
0.2774151436031332,0.9136129688414956,0.3636363636363636,80,absolute_error,7,0.25,11,8238
0.443864229765013,0.5892686534964712,0.3636363636363636,10,absolute_error,6,0.25,15,617
0.5306266318537859,0.9382069220575092,0.0909090909090909,40,poisson,18,1.5,11,1029
0.6208093994778068,0.8542546306284095,0.0909090909090909,90,poisson,6,0.5,18,7179
0.5853524804177546,0.9387000339014392,0.0909090909090909,40,poisson,20,1.75,10,6541
0.6735509138381202,0.8717909205781738,0.0909090909090909,40,poisson,6,0.75,18,4410
