MRE-,ACC+,PRED40+,N_estimators,criterion,Min_sample_leaves,Min_impurity_decrease,Max_depth,_source_row
0.0,0.9039564220183488,0.8571428571428572,70,absolute_error,3,0.0,11,668
0.0,0.8836009174311927,0.7142857142857142,120,absolute_error,2,0.0,19,4907
0.0,0.8251146788990827,0.7857142857142857,110,absolute_error,1,0.0,19,2078
0.0,0.8560779816513763,1.0,90,absolute_error,16,3.5,11,1867
0.8298316082187548,0.3778669724770642,0.0,90,poisson,2,0.0,19,6137
0.827437046191874,0.7795298165137615,0.0,90,poisson,2,0.0,12,270
0.9095473505329832,0.7327981651376148,0.0,130,poisson,2,2.5,19,4685
