MRE-,ACC+,PRED40+,N_estimators,criterion,Min_sample_leaves,Min_impurity_decrease,Max_depth,_source_row
0.0087435677099877,0.8829214312061969,1.0,130,absolute_error,3,8.5,17,34
0.0384516362007108,0.8962744374769458,1.0,100,absolute_error,4,5.0,12,9
0.0591988016463987,0.899299151604574,1.0,110,absolute_error,3,6.5,14,7
