MRE-,ACC+,PRED40+,N_estimators,criterion,Min_sample_leaves,Min_impurity_decrease,Max_depth,_source_row
0.0087435677099877,0.8829214312061969,1.0,130,absolute_error,3,8.5,17,34
0.2783564098877547,0.9589819254887496,1.0,20,absolute_error,3,2.25,20,18
0.0578847587744962,0.931907045370712,0.0,40,absolute_error,4,2.5,6,6
